"age","len_mar_stat","count"
"42","20",3491
"38","20",2558
"18","1",2082
"16","99",77156
"14","99",79542
"12","99",83641
"10","99",88482
"8","99",90012
"6","99",92346
"1","99",89092
"23","1",4754
"60","33",825
"52","33",1088
"24","1",4532
"22","1",4848
"52","99",6539
"47","19",963
"41","19",2164
"13","99",78449
"9","99",84579
"23","99",43096
"71","28",41
"52","28",1420
"28","99",24049
"21","99",52392
"29","99",18579
"22","99",49137
"20","99",61421
"24","99",39181
"27","99",24926
"50","99",11349
"5","99",91827
"17","99",71592
"55","24",470
"43","24",1543
"3","99",92898
"37","11",2018
"38","11",1928
"7","99",90191
"42","99",8329
"18","99",71361
"36","99",10176
"27","1",3062
"26","1",3447
"44","23",1982
"40","23",1153
"11","99",79756
"75","16",21
"36","16",2506
"4","99",93000
"60","40",1569
"56","40",399
"32","99",14652
"32","10",4590
"31","10",3714
"2","99",92887
"27","4",4242
"23","4",3823
"0","99",97805
"28","6",4134
"23","6",2196
"65","1",119
"40","1",755
"36","1",662
"21","1",4098
"45","32",115
"50","20",1760
"40","20",4422
"60","35",1382
"52","35",667
"15","99",77142
"26","6",4092
"22","6",1483
"24","2",5068
"22","2",4750
"26","99",28549
"26","2",4130
"20","2",3405
"56","10",184
"50","10",601
"40","15",3212
"30","15",904
"56","5",121
"29","5",3792
"50","25",2653
"40","25",816
"19","99",62658
"27","7",3973
"23","7",1431
"38","1",718
"46","23",1774
"43","23",1871
"73","99",3722
"72","45",287
"50","45",8
"35","12",3662
"30","12",2988
"60","1",182
"61","8",49
"34","8",2460
"34","99",11800
"30","99",23406
"31","6",2546
"24","6",2973
"46","22",1731
"48","22",1329
"39","5",829
"28","5",4408
"32","5",2465
"24","5",3928
"52","20",820
"35","20",826
"32","14",2025
"34","14",2729
"28","14",370
"50","2",244
"40","2",635
"51","29",1192
"48","29",1098
"52","18",458
"45","18",1723
"25","3",4980
"30","3",3121
"60","4",106
"50","4",269
"72","50",442
"69","50",347
"51","13",227
"50","13",371
"38","13",2581
"43","13",933
"25","4",5011
"20","4",1512
"60","15",178
"45","15",1337
"56","20",410
"48","20",1592
"58","33",967
"25","99",35595
"35","9",2532
"29","9",3296
"30","2",2727
"19","2",2206
"35","99",14595
"48","10",464
"26","10",1411
"41","12",1150
"49","22",1052
"40","22",1779
"26","3",4345
"18","3",773
"38","18",2851
"56","27",620
"42","27",344
"55","30",2108
"48","30",1516
"26","7",3333
"25","7",2993
"76","99",3161
"40","18",3468
"27","3",4070
"20","3",2541
"27","5",4543
"25","5",4837
"27","16",54
"24","3",5104
"20","5",840
"57","41",153
"58","41",241
"60","32",683
"50","32",1119
"59","26",279
"55","26",742
"31","0",803
"30","0",1462
"22","5",2427
"24","7",2131
"19","1",3007
"46","99",6256
"21","3",3083
"38","3",827
"38","0",399
"35","0",623
"35","7",2011
"40","7",1023
"72","33",48
"74","33",45
"44","15",1130
"55","99",7716
"28","3",3817
"57","99",5104
"40","99",14535
"65","99",7173
"28","4",4109
"25","10",1071
"45","22",2187
"56","99",6053
"21","2",3733
"22","4",3254
"19","4",705
"68","99",4666
"26","4",4544
"62","27",173
"43","27",576
"45","24",2015
"44","24",1865
"75","99",4346
"52","27",1395
"48","27",1791
"28","1",2692
"60","20",467
"46","18",1130
"43","18",2041
"43","0",195
"46","0",144
"30","8",4838
"26","8",2763
"40","17",2935
"46","17",843
"51","99",5441
"20","1",3922
"39","19",2355
"35","19",855
"64","40",950
"59","40",875
"29","6",3590
"27","6",4254
"51","22",682
"40","19",2846
"34","19",437
"50","19",706
"27","15",94
"38","5",1014
"23","5",3179
"69","99",4515
"32","7",3188
"31","7",3130
"35","10",3841
"25","2",4864
"18","2",1398
"53","35",783
"48","35",123
"25","6",3728
"45","16",1239
"31","16",464
"38","99",10882
"53","99",5584
"63","99",5327
"59","99",5601
"46","19",1184
"45","19",1600
"60","99",9789
"33","99",11956
"80","99",2966
"38","23",430
"36","8",1755
"25","8",2260
"38","12",2716
"28","12",1275
"41","17",2068
"50","17",560
"70","50",526
"75","50",361
"49","99",6595
"45","20",3051
"43","20",2946
"47","99",6049
"25","11",426
"24","11",157
"39","14",2452
"38","10",2431
"59","23",163
"51","23",699
"46","13",502
"33","13",2840
"38","21",1071
"33","21",48
"71","99",3500
"63","24",122
"53","24",593
"54","33",1293
"35","14",3026
"65","28",147
"56","28",666
"36","10",2829
"30","10",5121
"61","99",4375
"79","99",2278
"48","14",446
"49","5",242
"28","10",3092
"60","25",515
"23","3",4687
"56","12",152
"64","12",63
"38","15",3366
"37","15",3019
"70","99",6582
"46","9",337
"25","9",1353
"70","7",32
"44","7",427
"78","99",2681
"54","28",900
"48","28",1627
"47","24",1665
"39","24",393
"39","10",1948
"33","10",4090
"41","8",636
"29","8",3834
"47","26",1747
"41","26",298
"54","14",187
"44","14",864
"34","4",1463
"21","5",1372
"52","10",280
"31","11",2590
"29","11",1974
"22","0",3789
"18","0",2276
"43","25",1493
"52","30",2326
"44","30",255
"29","7",3851
"30","7",4545
"72","3",20
"43","3",300
"47","17",758
"38","17",2850
"29","10",3355
"30","1",2227
"32","13",2502
"25","1",4239
"51","30",2025
"38","4",923
"48","16",569
"32","16",986
"42","22",2251
"36","22",219
"44","99",7107
"43","11",673
"30","11",2937
"72","99",4166
"29","4",3242
"34","15",2477
"31","15",841
"55","9",142
"27","9",2403
"39","17",2814
"74","8",10
"57","8",95
"50","14",454
"33","20",174
"60","30",1377
"50","30",3379
"58","29",424
"57","31",746
"58","31",627
"60","34",886
"50","34",508
"33","8",2926
"27","8",3390
"55","31",1057
"51","31",1062
"29","1",2182
"15","1",171
"36","6",1261
"21","6",709
"32","9",3369
"26","9",1878
"58","27",350
"45","27",1265
"23","2",5179
"17","2",620
"45","99",9925
"31","1",1290
"13","1",19
"45","6",413
"19","6",133
"58","45",32
"55","45",25
"36","15",3036
"29","2",2565
"33","11",3117
"32","2",1600
"79","22",9
"60","22",185
"40","10",2174
"57","22",230
"50","22",1151
"54","26",750
"53","26",852
"65","43",503
"55","43",22
"42","1",404
"39","1",527
"46","16",849
"40","16",3011
"40","14",2309
"41","20",2801
"31","2",1584
"64","42",583
"34","13",2944
"35","13",3173
"65","30",463
"53","30",1996
"43","99",6944
"58","18",180
"37","18",2145
"88","99",503
"42","14",1335
"47","7",284
"22","7",783
"37","12",2596
"42","9",634
"30","9",4156
"69","43",291
"57","43",51
"31","99",13050
"37","10",2376
"33","12",3482
"32","11",3209
"41","22",1549
"42","18",2498
"39","4",720
"39","15",2939
"62","34",529
"42","15",1820
"53","23",563
"53","21",377
"45","21",1942
"46","24",1800
"45","7",459
"55","23",429
"45","23",2174
"69","48",317
"56","48",9
"43","14",1047
"55","25",918
"36","11",2305
"44","16",1206
"48","12",484
"83","99",1279
"51","26",1234
"54","21",318
"37","14",2821
"55","2",147
"57","2",80
"37","3",729
"33","3",1508
"37","19",1586
"20","6",407
"37","20",1589
"34","16",1787
"21","4",2172
"46","20",1989
"65","36",340
"60","36",739
"27","11",1040
"61","33",502
"24","4",4603
"60","37",637
"55","37",521
"39","23",631
"50","21",858
"62","28",195
"50","28",2028
"35","15",3155
"47","23",1601
"39","0",350
"25","0",3032
"46","25",2206
"30","25",20
"39","12",2146
"25","12",283
"70","49",271
"68","49",208
"57","25",435
"37","7",1304
"45","3",354
"39","3",648
"23","0",3440
"24","0",3362
"80","34",18
"53","15",288
"67","20",106
"52","1",174
"37","1",624
"59","25",327
"42","7",596
"24","10",563
"24","8",1432
"75","40",195
"70","40",608
"29","13",928
"28","13",635
"35","18",1456
"44","28",527
"67","99",4976
"55","15",248
"50","26",1857
"45","26",1634
"39","20",2836
"65","6",59
"40","6",905
"55","33",1485
"35","4",1334
"30","4",3444
"35","1",1030
"48","24",1684
"32","1",1297
"37","99",9213
"53","31",1104
"52","31",1241
"40","12",2192
"66","99",5054
"42","19",2374
"35","16",2403
"30","16",460
"81","32",7
"44","22",2059
"45","12",822
"32","8",3546
"28","8",4083
"37","9",1524
"24","9",805
"44","10",713
"27","10",2221
"58","25",375
"40","5",913
"36","5",1130
"53","25",997
"92","99",155
"40","24",844
"52","23",711
"22","3",4076
"29","3",2821
"47","22",1434
"66","18",65
"55","18",330
"78","25",24
"47","30",1042
"54","30",1951
"47","27",1670
"38","19",2263
"62","99",5392
"35","8",2385
"83","45",14
"60","45",206
"55","34",1287
"45","34",40
"27","13",336
"26","5",4474
"23","9",402
"54","8",150
"34","21",92
"46","28",1002
"48","26",1922
"20","0",3386
"57","28",517
"53","28",1084
"45","1",397
"53","29",1025
"47","29",850
"73","45",212
"63","45",374
"62","32",446
"55","32",1385
"34","17",1292
"32","17",466
"47","20",1694
"34","10",3754
"34","5",1685
"30","5",4203
"28","2",3309
"48","34",120
"35","6",1746
"30","6",4128
"50","23",1219
"50","24",1424
"50","18",720
"21","7",349
"23","10",227
"70","15",67
"38","6",1084
"53","27",961
"16","0",825
"40","13",2097
"38","2",739
"34","1",949
"64","32",310
"58","32",823
"51","25",1356
"44","25",1985
"56","29",691
"29","0",1448
"66","39",332
"63","39",569
"39","99",9780
"21","0",3416
"33","14",2313
"49","24",1368
"45","25",2682
"48","25",2246
"58","10",143
"52","21",476
"36","21",356
"42","16",1873
"31","5",2482
"51","16",327
"71","18",19
"56","13",164
"42","13",1186
"26","13",166
"50","29",1630
"49","29",1308
"45","17",1299
"41","18",2381
"54","99",6035
"45","11",572
"39","18",2954
"32","18",317
"32","15",1520
"47","12",485
"38","14",2834
"26","11",619
"35","3",1221
"32","3",1741
"34","6",1770
"50","6",312
"17","0",1379
"37","8",1477
"33","22",36
"39","22",1076
"64","99",5397
"56","35",1314
"45","10",884
"42","10",1130
"17","1",1143
"48","4",226
"40","4",835
"38","16",3118
"31","8",3205
"33","19",227
"38","33",6
"70","34",117
"75","34",41
"59","17",107
"56","31",922
"46","31",180
"74","99",3712
"65","10",94
"57","33",1043
"51","33",817
"47","9",278
"45","28",916
"48","21",1052
"61","35",660
"69","11",28
"54","1",163
"58","1",114
"33","18",553
"47","32",231
"34","9",2586
"45","13",749
"49","16",463
"51","10",264
"36","12",3030
"31","12",2515
"28","0",1908
"65","42",622
"48","3",204
"42","3",421
"49","28",1630
"56","23",339
"79","4",12
"79","59",36
"77","59",28
"38","24",220
"38","7",1278
"44","21",1867
"37","21",602
"36","4",986
"77","99",2812
"48","99",6798
"59","33",789
"53","33",1296
"40","21",1998
"71","51",148
"64","51",7
"49","27",1731
"51","0",80
"37","0",391
"65","27",129
"25","27",4
"45","4",428
"60","38",783
"48","38",23
"47","25",2231
"49","14",384
"33","6",2067
"59","10",131
"44","20",2801
"47","5",274
"51","5",142
"29","12",1634
"37","2",659
"38","9",1543
"40","9",1128
"65","45",666
"27","0",2116
"33","1",1130
"72","32",64
"59","32",708
"78","16",16
"57","38",556
"32","4",1929
"33","15",2115
"40","26",333
"44","8",421
"45","8",499
"16","2",254
"59","37",642
"53","37",253
"35","17",1767
"56","11",111
"19","0",2614
"51","27",1375
"26","0",2398
"49","9",239
"31","9",3173
"28","7",4254
"49","21",879
"42","21",2093
"55","35",1463
"54","35",1114
"37","5",1024
"39","25",297
"50","8",337
"40","8",1230
"42","25",1248
"36","25",43
"33","2",1267
"31","13",1770
"33","7",2468
"36","7",1565
"60","31",469
"35","21",239
"47","0",134
"19","3",1383
"35","5",1732
"41","5",523
"31","4",1999
"57","32",983
"52","32",1356
"53","18",319
"36","18",1674
"42","23",1710
"33","5",2009
"49","26",1737
"47","10",462
"57","23",239
"50","16",620
"63","22",89
"54","22",444
"81","99",1644
"37","22",400
"55","8",146
"46","8",341
"14","0",129
"49","30",1882
"55","7",134
"39","7",1029
"23","8",819
"68","15",32
"56","15",199
"49","23",1197
"41","23",1103
"48","23",1437
"38","26",50
"76","1",32
"65","40",1101
"54","40",151
"16","1",538
"42","12",1272
"36","9",1827
"29","15",333
"61","45",161
"51","18",471
"34","18",901
"51","24",840
"35","11",2867
"51","1",169
"33","17",846
"54","7",133
"60","28",432
"51","28",1338
"51","32",996
"37","16",2704
"73","13",13
"33","9",3016
"49","31",739
"46","21",1453
"37","13",2581
"32","12",3434
"52","19",379
"46","29",557
"50","35",553
"39","11",1508
"49","3",247
"63","42",643
"66","42",499
"49","15",511
"63","8",62
"67","43",416
"62","43",406
"49","32",655
"67","50",229
"60","44",185
"62","44",310
"79","54",52
"69","54",24
"38","8",1580
"62","45",276
"43","22",2183
"44","26",1192
"70","0",23
"59","0",54
"61","34",545
"52","34",829
"63","30",454
"58","30",1081
"27","12",730
"49","25",2012
"73","48",225
"64","48",134
"29","14",571
"62","31",269
"52","25",1307
"46","26",1736
"60","41",434
"61","41",458
"45","29",530
"39","16",2843
"57","35",1225
"66","35",300
"37","17",2368
"66","21",59
"65","21",72
"56","30",1543
"46","30",689
"18","4",307
"57","26",358
"48","13",430
"66","10",69
"53","10",241
"36","0",443
"36","14",2766
"30","14",1197
"28","9",3071
"33","23",28
"32","21",35
"40","28",108
"47","35",55
"44","18",1666
"49","1",203
"34","7",2113
"70","25",91
"45","14",926
"49","17",514
"36","17",2004
"42","8",592
"50","15",705
"48","1",244
"50","33",777
"48","33",218
"60","42",470
"44","5",373
"56","1",141
"44","1",319
"58","20",267
"52","29",1191
"76","54",108
"70","54",38
"45","5",452
"56","22",296
"78","42",32
"74","42",85
"72","38",63
"62","38",586
"44","32",61
"40","3",754
"45","30",682
"65","32",234
"67","32",142
"82","99",1567
"48","7",264
"62","23",110
"74","48",171
"48","19",847
"57","27",480
"31","14",1202
"67","35",265
"33","16",1366
"41","21",1714
"46","27",1339
"24","17",9
"27","2",3646
"34","11",2994
"54","34",1244
"20","10",47
"67","26",90
"53","17",251
"30","18",146
"43","28",284
"59","31",492
"63","35",585
"54","20",548
"41","4",430
"42","4",521
"47","11",332
"37","4",859
"53","36",370
"40","36",11
"50","7",300
"34","3",1197
"26","14",86
"47","6",260
"56","6",106
"64","38",381
"58","38",678
"24","16",9
"18","7",27
"49","19",728
"51","19",402
"54","15",251
"55","17",248
"39","6",818
"17","6",13
"22","10",123
"46","15",806
"28","15",186
"82","55",30
"69","55",11
"46","12",532
"70","20",135
"80","10",24
"50","0",172
"42","0",250
"55","28",899
"59","28",390
"70","14",37
"62","14",79
"41","14",1392
"69","33",101
"63","33",424
"68","42",316
"62","42",554
"33","4",1649
"58","99",5463
"43","15",1322
"36","19",1158
"43","17",1563
"84","99",1214
"66","40",766
"34","20",352
"51","6",166
"48","6",274
"36","3",901
"22","9",173
"69","53",47
"84","53",11
"28","11",1644
"76","22",10
"35","22",141
"67","9",36
"58","9",80
"75","31",28
"50","31",1163
"41","99",6883
"62","35",729
"46","11",361
"68","30",202
"61","30",524
"57","40",441
"41","15",1865
"42","17",2070
"57","13",127
"53","13",186
"63","32",327
"29","18",51
"55","21",299
"60","29",347
"44","12",793
"50","12",472
"90","99",494
"49","8",283
"17","3",261
"69","30",154
"60","12",141
"55","12",208
"41","11",926
"68","37",130
"48","15",611
"65","33",282
"61","42",387
"60","23",230
"58","37",633
"56","37",524
"56","4",109
"46","4",220
"47","18",950
"50","1",362
"58","36",712
"65","34",312
"59","35",1013
"56","33",1282
"68","45",471
"47","28",1329
"47","31",343
"52","3",150
"54","3",134
"50","27",1935
"81","44",9
"73","44",139
"66","43",483
"75","47",109
"67","47",316
"43","7",457
"66","32",178
"61","32",404
"86","99",764
"53","16",257
"42","6",504
"39","9",1249
"74","2",9
"53","2",122
"77","30",52
"21","9",75
"42","24",1312
"80","30",52
"67","30",233
"76","52",142
"74","52",184
"31","17",227
"49","18",692
"40","0",380
"54","24",558
"75","20",48
"13","0",27
"60","14",156
"43","19",2042
"69","40",424
"64","30",380
"45","0",222
"48","31",577
"41","25",653
"87","99",661
"52","24",798
"47","16",685
"43","16",1434
"36","20",1016
"80","24",9
"58","40",672
"39","13",2075
"59","19",112
"68","38",208
"59","38",640
"100","99",71
"41","13",1229
"55","19",265
"44","3",309
"51","21",490
"39","21",1338
"19","5",301
"43","26",861
"69","46",308
"65","46",305
"41","16",1982
"77","45",67
"51","7",158
"44","36",14
"41","36",7
"15","0",305
"43","30",137
"74","50",291
"34","22",61
"55","14",193
"14","1",55
"85","25",8
"65","25",202
"30","13",1863
"65","44",456
"44","17",1315
"38","22",847
"52","12",266
"65","39",374
"67","39",233
"64","19",55
"44","13",718
"36","13",2705
"40","11",1475
"49","0",125
"65","22",105
"63","31",231
"49","20",1237
"65","20",202
"57","20",313
"63","44",369
"46","1",275
"47","15",679
"48","11",348
"62","24",125
"85","99",1086
"56","7",115
"49","35",215
"46","6",321
"31","3",1788
"59","36",717
"57","36",731
"76","46",77
"66","46",371
"43","4",373
"25","13",115
"79","60",41
"75","60",30
"63","29",145
"53","14",201
"26","12",444
"47","3",219
"58","16",129
"59","34",856
"59","21",124
"63","40",1060
"70","8",42
"60","8",116
"24","12",120
"53","22",483
"47","13",437
"72","48",280
"53","9",151
"58","12",155
"59","15",135
"32","20",97
"70","26",63
"65","26",132
"49","4",209
"43","29",138
"40","29",43
"45","35",77
"56","18",224
"55","36",770
"56","36",830
"70","42",211
"58","42",209
"66","38",281
"55","38",404
"47","36",31
"57","17",159
"57","15",153
"62","15",105
"50","9",298
"77","55",103
"70","55",34
"54","12",214
"46","33",66
"66","36",207
"63","36",448
"55","10",261
"84","64",17
"80","64",10
"44","27",849
"62","41",497
"68","33",149
"60","21",161
"54","25",899
"44","11",543
"95","99",100
"80","48",29
"62","33",510
"65","31",158
"58","39",544
"60","39",706
"82","60",53
"51","2",158
"34","12",3499
"52","26",1180
"80","54",50
"54","6",134
"39","8",1193
"47","8",292
"67","41",290
"45","9",487
"64","9",47
"61","9",39
"75","46",115
"23","11",78
"73","34",35
"57","34",1034
"25","14",69
"52","22",666
"61","40",860
"18","5",95
"56","32",1236
"68","16",47
"59","16",107
"80","61",13
"57","29",488
"70","48",319
"68","48",310
"55","22",421
"67","48",275
"48","18",860
"75","5",16
"75","52",178
"73","52",158
"55","29",822
"53","5",141
"54","5",127
"18","6",34
"54","10",199
"58","34",1010
"44","19",1768
"78","58",35
"74","58",17
"109","99",54
"64","43",536
"55","3",140
"46","3",227
"78","52",89
"71","52",152
"52","6",184
"55","20",599
"32","0",811
"65","50",155
"55","39",277
"49","39",22
"54","23",417
"60","3",125
"56","3",115
"63","43",480
"70","43",257
"56","34",1274
"51","37",72
"58","22",229
"48","5",284
"25","15",55
"69","45",473
"59","41",315
"55","41",52
"66","48",236
"49","33",415
"61","24",129
"63","12",57
"44","4",303
"76","53",113
"32","6",2543
"22","8",449
"27","14",169
"34","23",33
"70","4",30
"80","4",11
"69","25",85
"42","11",873
"53","34",931
"71","36",57
"69","36",93
"41","27",149
"40","27",156
"65","12",80
"43","12",881
"56","25",607
"62","20",177
"70","32",84
"50","5",335
"37","6",1052
"47","21",1227
"74","12",20
"54","17",234
"64","28",159
"78","60",30
"70","60",6
"68","3",45
"68","36",144
"51","15",361
"49","6",207
"68","55",17
"61","28",197
"77","57",61
"73","57",21
"70","10",63
"70","35",256
"65","35",589
"51","11",203
"55","27",760
"62","30",545
"71","44",173
"53","38",127
"68","52",60
"55","16",246
"76","42",45
"57","42",102
"58","35",1164
"49","2",191
"45","2",324
"75","45",166
"38","25",148
"43","6",385
"49","7",221
"50","36",196
"43","9",554
"49","11",267
"72","40",227
"69","29",56
"54","29",923
"56","26",524
"23","13",20
"80","50",149
"73","47",161
"64","47",149
"30","19",73
"48","8",334
"75","35",102
"39","27",41
"75","44",76
"53","19",304
"41","24",782
"52","5",162
"76","29",13
"62","29",197
"79","52",72
"67","52",41
"53","6",155
"44","6",361
"55","40",365
"69","32",76
"49","13",324
"63","1",81
"64","35",480
"22","13",21
"94","99",96
"32","19",118
"66","41",346
"30","22",24
"77","2",15
"73","51",190
"68","51",78
"54","32",1365
"69","47",311
"72","47",257
"77","49",76
"67","49",225
"68","40",521
"62","6",60
"41","6",472
"74","55",84
"43","10",831
"77","6",7
"74","6",14
"42","2",401
"44","2",284
"34","0",577
"52","36",268
"68","53",31
"50","38",80
"49","38",28
"66","34",249
"53","32",1349
"84","46",8
"74","46",137
"61","44",207
"61","38",531
"59","30",924
"72","53",108
"70","47",320
"39","26",108
"49","12",353
"21","8",154
"78","47",40
"76","47",105
"71","48",278
"80","39",11
"70","18",44
"60","18",197
"70","52",141
"20","8",75
"62","39",608
"52","4",163
"46","14",574
"54","31",1137
"62","40",1103
"33","0",712
"55","13",166
"52","13",230
"60","27",356
"68","27",59
"64","44",480
"52","2",137
"42","5",511
"36","2",746
"80","47",35
"74","47",153
"57","30",1162
"67","13",35
"63","20",138
"64","3",60
"61","12",69
"59","12",98
"47","14",486
"61","18",91
"57","18",176
"26","15",57
"65","24",88
"64","23",82
"61","21",76
"58","21",180
"71","25",50
"77","24",12
"60","24",238
"46","7",290
"98","99",183
"48","9",273
"35","2",1129
"69","26",54
"57","24",296
"66","44",460
"41","10",1019
"69","23",37
"53","4",121
"27","23",4
"68","35",227
"72","43",131
"60","43",269
"44","9",465
"58","3",89
"46","2",217
"74","34",42
"67","33",193
"66","33",220
"17","4",67
"71","32",54
"69","14",28
"57","14",126
"59","24",206
"27","17",30
"48","17",642
"56","17",197
"37","23",182
"58","28",458
"66","47",292
"72","49",228
"66","49",149
"78","30",39
"66","30",254
"70","5",40
"55","5",170
"76","50",233
"66","50",164
"59","7",83
"57","10",130
"67","40",607
"75","54",108
"71","54",54
"69","5",30
"89","99",356
"44","0",164
"53","12",219
"69","12",36
"68","12",48
"64","34",356
"63","50",37
"59","42",284
"35","26",21
"59","11",68
"65","37",287
"72","44",144
"43","2",295
"39","2",568
"64","39",440
"61","39",533
"67","7",36
"66","31",134
"46","10",512
"69","37",110
"52","37",142
"51","36",135
"64","41",451
"87","40",8
"65","0",39
"42","30",112
"80","37",17
"69","39",139
"57","39",399
"66","45",558
"16","4",21
"24","14",49
"42","28",207
"70","45",458
"54","18",273
"58","4",84
"47","4",219
"77","53",104
"71","53",62
"43","21",1865
"64","14",62
"82","61",13
"79","49",46
"75","49",133
"64","36",363
"50","11",335
"62","18",117
"81","61",8
"77","61",8
"76","40",112
"53","1",160
"69","44",288
"61","7",53
"68","25",74
"34","25",26
"73","50",368
"34","2",1000
"54","36",548
"51","35",428
"50","3",283
"47","38",7
"31","18",114
"42","31",35
"30","21",26
"49","34",216
"44","31",63
"53","20",610
"40","34",21
"65","16",78
"70","46",295
"46","32",124
"67","53",28
"35","23",71
"47","33",119
"69","34",115
"71","30",89
"66","13",44
"60","13",119
"60","10",177
"56","43",27
"64","25",131
"68","13",31
"75","14",14
"70","1",69
"59","1",120
"42","26",609
"69","16",31
"52","16",313
"46","5",298
"62","16",75
"105","99",5
"75","30",88
"80","33",16
"70","33",106
"75","4",17
"57","37",578
"54","37",367
"65","15",95
"63","19",78
"54","19",268
"80","45",44
"64","45",386
"63","3",71
"56","9",110
"62","22",127
"82","35",18
"71","42",143
"74","30",65
"70","16",47
"32","23",17
"65","18",74
"41","7",564
"80","40",82
"61","31",301
"63","37",388
"52","17",336
"80","42",22
"43","8",520
"99","99",58
"52","14",285
"67","15",32
"64","20",141
"75","17",16
"63","17",71
"64","50",65
"64","18",66
"78","24",3
"64","46",241
"20","7",156
"61","20",148
"60","26",332
"69","49",240
"64","49",56
"65","38",397
"91","99",192
"43","1",334
"58","24",255
"63","41",519
"69","24",40
"53","39",95
"43","5",405
"63","34",411
"70","23",35
"65","23",68
"56","39",366
"21","10",62
"19","10",5
"57","19",147
"63","25",200
"51","20",817
"70","41",155
"74","49",170
"63","27",167
"70","3",43
"71","3",17
"73","39",77
"81","60",38
"87","60",15
"67","22",60
"78","36",20
"56","24",365
"58","47",9
"56","41",99
"37","27",18
"41","1",375
"69","35",160
"81","7",4
"70","30",249
"63","48",92
"67","16",42
"67","42",404
"75","39",43
"59","39",617
"63","15",87
"41","2",374
"47","2",208
"54","13",163
"56","8",121
"30","20",94
"81","33",10
"40","33",13
"59","20",301
"69","4",35
"110","99",9
"66","23",60
"42","29",80
"58","5",103
"59","5",73
"34","24",23
"31","19",50
"52","15",357
"41","9",622
"56","21",216
"79","57",56
"74","57",33
"52","0",109
"19","7",29
"60","7",103
"22","12",45
"21","11",23
"74","19",10
"56","19",206
"64","15",85
"61","36",472
"62","36",484
"65","2",67
"74","41",52
"69","41",171
"61","17",62
"52","8",183
"37","26",26
"71","27",35
"70","44",280
"61","22",115
"44","29",278
"48","32",457
"48","0",136
"56","0",65
"67","31",102
"41","30",42
"68","23",50
"80","20",15
"75","32",32
"59","27",305
"16","3",75
"77","40",72
"55","11",164
"65","13",53
"76","59",21
"54","4",154
"60","5",109
"59","2",79
"68","44",341
"67","44",410
"72","41",95
"77","41",30
"30","17",165
"54","2",122
"73","7",12
"72","0",18
"64","0",47
"62","9",55
"57","16",140
"73","41",62
"68","41",222
"57","3",78
"51","12",250
"54","27",858
"52","9",181
"79","50",114
"55","1",189
"62","47",60
"45","33",54
"64","31",190
"66","9",38
"72","9",23
"58","17",125
"78","50",145
"80","35",37
"63","38",499
"49","10",418
"74","45",171
"29","17",53
"68","47",292
"66","12",29
"51","8",187
"51","4",150
"40","30",113
"61","0",45
"54","41",21
"67","24",66
"81","57",25
"73","30",80
"61","27",169
"96","99",70
"67","10",51
"71","12",26
"61","43",298
"65","47",205
"68","43",316
"58","26",337
"59","3",94
"74","13",17
"61","19",71
"78","38",23
"70","12",48
"51","34",531
"68","6",34
"70","24",40
"72","31",43
"79","18",6
"71","11",13
"52","11",182
"24","13",66
"68","24",65
"39","28",36
"64","21",62
"67","5",33
"77","51",72
"72","51",140
"29","16",114
"48","2",217
"65","9",59
"66","5",45
"73","9",17
"32","24",14
"41","0",210
"64","4",61
"68","46",361
"63","46",201
"62","0",43
"57","0",60
"36","23",87
"68","31",76
"22","11",43
"41","3",397
"47","34",60
"54","47",7
"54","0",83
"78","8",9
"45","31",129
"70","39",139
"56","38",492
"20","11",9
"80","29",9
"67","11",35
"56","44",21
"57","44",22
"59","49",8
"21","12",32
"53","8",135
"74","18",18
"61","29",184
"59","18",154
"68","1",71
"52","40",58
"72","6",25
"55","6",132
"34","27",11
"73","4",18
"58","23",194
"68","34",128
"52","39",65
"75","51",136
"67","51",56
"62","37",437
"71","45",257
"68","29",76
"77","23",12
"63","23",126
"64","26",121
"72","19",21
"62","19",90
"28","17",49
"33","24",22
"76","32",29
"70","11",28
"28","22",10
"65","11",63
"60","2",103
"78","39",18
"75","7",25
"71","7",26
"75","43",78
"71","43",165
"56","2",88
"36","27",15
"78","61",9
"58","11",68
"65","5",55
"58","14",102
"67","14",48
"70","53",67
"64","8",50
"74","60",9
"64","7",48
"66","1",81
"67","25",111
"63","11",45
"74","15",18
"66","15",55
"48","40",26
"51","40",33
"69","1",42
"61","26",141
"56","46",9
"76","30",48
"63","16",76
"36","24",39
"78","7",9
"71","16",28
"60","16",134
"70","6",41
"60","11",101
"72","29",37
"50","37",91
"71","50",326
"62","50",24
"74","43",70
"72","34",58
"66","11",35
"71","31",34
"46","38",12
"64","37",342
"79","28",17
"72","30",86
"74","25",28
"58","2",88
"74","23",29
"25","16",35
"76","33",19
"75","33",41
"78","40",70
"73","40",187
"53","11",150
"59","14",88
"62","7",60
"72","22",36
"70","37",102
"68","50",269
"45","36",30
"59","13",79
"54","39",148
"80","23",11
"62","11",59
"77","50",174
"17","5",24
"28","16",87
"78","31",15
"43","31",37
"75","15",32
"66","28",100
"35","24",48
"70","22",45
"81","48",15
"93","99",93
"80","25",21
"52","38",92
"65","14",70
"28","30",7
"101","99",21
"65","49",99
"64","1",72
"62","25",227
"67","46",355
"83","57",15
"54","38",278
"76","23",12
"76","35",40
"57","4",91
"75","55",116
"73","43",134
"67","12",38
"63","9",45
"23","12",74
"71","37",49
"77","44",44
"58","6",75
"63","28",198
"46","35",46
"66","16",45
"41","29",37
"54","11",133
"66","27",104
"63","2",40
"72","57",19
"67","36",182
"70","27",58
"97","99",40
"57","12",169
"51","9",168
"61","47",49
"28","18",33
"51","17",329
"72","37",61
"61","11",46
"61","25",207
"78","9",13
"73","10",22
"74","44",96
"59","44",89
"32","32",6
"60","47",23
"46","34",43
"64","22",92
"75","27",39
"82","46",13
"71","46",209
"66","37",201
"77","43",44
"68","4",33
"63","4",65
"79","48",29
"73","36",60
"70","36",118
"35","25",60
"71","34",62
"68","2",36
"84","31",3
"79","31",7
"69","42",257
"73","42",93
"59","9",96
"57","9",86
"73","55",67
"72","14",20
"71","39",75
"82","36",6
"68","17",25
"61","3",55
"76","36",34
"51","14",240
"69","27",55
"67","27",68
"63","13",62
"67","45",514
"54","16",236
"67","28",93
"61","6",53
"88","50",7
"71","40",258
"79","6",5
"78","4",11
"71","47",224
"72","20",61
"80","60",63
"85","60",30
"79","30",37
"71","6",23
"69","6",25
"63","26",151
"66","4",48
"23","20",5
"51","3",144
"85","40",22
"40","35",24
"58","8",89
"74","20",27
"61","10",73
"85","30",10
"79","40",51
"62","26",193
"61","1",69
"44","35",26
"58","13",108
"73","35",77
"85","65",6
"64","6",51
"76","27",14
"65","41",462
"52","50",7
"85","24",4
"72","1",43
"73","33",62
"65","4",58
"66","14",52
"19","8",18
"70","17",30
"81","40",31
"50","40",105
"73","3",16
"55","4",134
"52","7",168
"62","5",47
"67","38",202
"79","8",12
"71","2",9
"106","99",19
"79","45",55
"90","60",3
"82","57",26
"75","57",39
"36","26",24
"29","19",28
"61","16",93
"80","52",59
"74","14",17
"66","24",71
"70","29",55
"24","18",10
"83","52",14
"80","5",11
"48","36",31
"86","55",5
"60","50",26
"80","21",7
"75","48",151
"76","24",10
"65","3",49
"70","2",36
"78","35",29
"77","32",23
"75","8",20
"67","1",58
"62","10",98
"34","26",10
"78","34",25
"69","38",144
"76","55",90
"67","55",7
"65","19",63
"39","30",30
"40","32",22
"68","19",32
"60","0",74
"70","38",129
"51","38",52
"58","15",121
"68","11",36
"18","8",11
"59","29",375
"75","1",45
"58","7",96
"81","58",25
"77","58",38
"67","34",186
"41","28",74
"55","44",8
"72","39",76
"80","1",27
"25","20",15
"23","18",10
"81","49",17
"59","8",74
"71","23",26
"64","33",335
"78","20",16
"61","15",84
"74","22",21
"20","9",45
"73","0",15
"63","6",43
"72","52",174
"85","20",10
"57","5",86
"84","30",13
"80","8",13
"62","21",92
"66","2",36
"66","20",98
"59","22",172
"60","6",105
"65","8",56
"67","8",46
"72","58",17
"56","14",141
"75","38",50
"69","19",36
"82","20",11
"69","18",25
"62","17",68
"63","47",133
"86","50",13
"22","15",14
"62","12",74
"72","25",45
"75","53",143
"74","53",128
"64","17",53
"56","16",176
"64","2",38
"64","29",124
"77","20",20
"68","8",30
"61","4",54
"61","37",437
"65","48",209
"31","21",21
"64","24",99
"63","18",69
"53","41",10
"75","36",33
"44","34",30
"34","34",5
"75","18",17
"72","35",110
"79","1",9
"63","14",67
"68","32",121
"68","5",31
"48","44",6
"76","34",34
"63","5",49
"66","17",46
"64","5",58
"62","1",76
"77","54",99
"78","1",19
"59","43",165
"72","54",84
"67","18",52
"62","46",134
"79","56",61
"75","56",82
"72","10",37
"77","34",25
"80","41",17
"68","28",68
"77","25",22
"67","29",89
"43","35",9
"65","7",59
"77","60",25
"73","60",6
"58","43",90
"32","35",7
"57","11",98
"42","36",7
"53","0",81
"39","33",9
"27","18",21
"37","24",107
"73","23",29
"30","23",13
"80","36",19
"69","2",18
"66","6",54
"78","27",8
"85","55",13
"66","25",127
"77","56",70
"80","56",59
"57","46",18
"67","4",40
"59","6",79
"76","10",17
"73","54",74
"67","0",24
"66","29",93
"37","25",61
"68","10",44
"73","46",164
"20","20",6
"90","50",6
"53","40",84
"53","7",132
"69","8",33
"71","35",90
"75","6",18
"25","30",8
"57","6",88
"57","7",87
"64","16",57
"77","35",25
"44","33",44
"50","39",40
"15","2",53
"71","5",23
"58","0",59
"72","8",25
"76","58",37
"84","48",10
"86","63",12
"80","63",12
"23","21",3
"81","50",44
"53","3",153
"20","15",7
"73","49",209
"72","16",28
"76","5",14
"78","12",13
"79","61",10
"72","2",19
"30","24",8
"77","27",14
"72","24",23
"61","23",86
"69","17",31
"73","32",54
"62","4",57
"59","4",71
"77","26",13
"68","22",44
"77","38",24
"73","56",37
"57","21",200
"76","20",26
"29","23",10
"46","36",15
"72","23",25
"68","21",28
"66","55",6
"63","55",5
"74","37",33
"63","10",79
"73","22",19
"73","11",21
"71","49",227
"82","5",9
"62","2",70
"47","1",244
"72","15",26
"84","58",11
"64","27",131
"83","50",29
"73","38",58
"31","20",52
"58","19",141
"74","40",149
"23","16",18
"74","11",17
"62","13",69
"35","33",3
"67","3",25
"60","17",118
"76","25",24
"57","1",121
"64","11",47
"76","16",11
"58","46",12
"67","17",36
"56","42",74
"75","13",14
"66","0",21
"78","51",57
"66","51",30
"47","39",10
"87","64",7
"79","64",7
"43","33",21
"55","42",38
"74","54",102
"71","55",26
"48","37",23
"86","45",3
"15","3",14
"102","99",16
"68","26",63
"68","20",79
"39","29",19
"49","40",15
"78","43",29
"79","36",16
"47","37",15
"73","53",149
"27","25",7
"85","47",8
"64","13",45
"45","38",18
"42","35",15
"69","28",58
"67","19",37
"79","46",47
"74","10",20
"60","9",82
"71","10",41
"40","40",9
"64","10",72
"80","32",12
"74","31",27
"79","35",19
"74","36",36
"65","17",66
"79","39",15
"80","13",18
"26","16",28
"70","31",64
"67","6",47
"60","48",29
"80","6",11
"51","43",7
"77","46",53
"80","53",52
"69","15",57
"65","29",134
"73","8",19
"54","9",136
"73","17",22
"73","25",45
"77","36",15
"78","11",6
"77","39",22
"40","31",19
"71","29",29
"71","20",52
"78","57",60
"81","23",9
"21","19",3
"74","51",128
"69","51",99
"74","0",15
"73","28",41
"71","24",26
"55","0",95
"74","24",35
"74","7",16
"49","37",32
"38","27",26
"81","51",17
"61","5",58
"67","37",186
"46","37",13
"62","3",54
"66","53",15
"23","14",14
"26","17",10
"61","46",74
"88","65",9
"84","50",21
"69","9",25
"78","54",103
"71","41",100
"73","16",27
"76","48",106
"60","46",93
"69","20",55
"75","42",77
"62","8",57
"72","26",35
"60","19",113
"76","18",8
"81","21",4
"71","22",33
"76","49",100
"35","30",13
"26","18",13
"81","45",20
"81","13",10
"79","34",20
"75","41",54
"71","13",9
"72","46",205
"79","53",62
"69","10",38
"37","28",22
"68","7",20
"80","59",42
"76","39",43
"76","45",99
"75","22",23
"62","49",22
"61","48",21
"73","20",34
"70","28",64
"78","32",10
"84","49",12
"76","38",41
"73","1",27
"70","13",24
"32","25",16
"73","18",23
"76","57",49
"80","7",10
"77","3",12
"72","55",46
"37","30",10
"70","51",152
"84","52",10
"69","52",82
"74","28",33
"66","22",69
"77","16",15
"74","39",37
"63","7",53
"74","32",37
"66","8",40
"72","36",63
"76","9",16
"69","22",42
"72","21",22
"52","42",12
"63","21",68
"74","35",60
"82","56",33
"79","20",17
"71","33",52
"61","14",68
"83","59",16
"81","59",32
"58","50",7
"80","55",78
"61","13",75
"67","23",55
"73","31",23
"75","26",22
"84","57",10
"73","6",17
"71","15",18
"70","21",36
"67","21",51
"69","13",16
"75","23",22
"73","24",24
"79","44",20
"68","9",16
"78","55",84
"73","15",27
"86","60",13
"68","39",158
"30","26",10
"82","42",14
"87","52",8
"70","9",31
"51","42",8
"44","45",7
"68","18",44
"53","43",9
"76","56",80
"83","25",9
"71","19",27
"71","9",15
"77","9",10
"74","17",16
"81","54",33
"82","33",9
"62","51",6
"28","21",8
"69","21",24
"75","37",40
"78","59",30
"73","59",6
"72","7",12
"84","5",8
"72","60",10
"76","7",16
"62","48",67
"86","66",7
"72","5",28
"74","38",40
"31","24",13
"72","42",154
"68","14",49
"77","37",18
"79","37",12
"74","5",14
"73","29",15
"80","58",34
"77","31",21
"28","19",25
"78","45",41
"83","51",7
"77","48",78
"76","37",29
"75","12",30
"76","26",15
"45","40",21
"77","52",112
"72","17",16
"71","1",35
"73","27",25
"76","43",52
"85","50",24
"29","20",22
"61","50",14
"26","22",6
"69","31",67
"104","99",43
"60","49",22
"77","29",6
"70","19",39
"71","8",13
"71","57",13
"80","49",39
"69","3",36
"66","19",38
"76","51",108
"78","28",18
"81","53",34
"82","10",13
"78","10",17
"73","37",40
"82","1",15
"89","50",4
"71","38",74
"78","2",9
"80","57",42
"72","27",31
"77","42",44
"49","36",48
"81","42",15
"79","24",7
"83","56",23
"42","38",7
"88","57",3
"67","54",10
"71","21",21
"66","26",88
"72","18",30
"81","55",44
"82","48",11
"29","21",12
"77","1",14
"39","32",4
"77","28",15
"83","60",35
"25","18",17
"81","56",33
"78","53",93
"72","28",37
"33","25",11
"36","30",13
"77","47",50
"70","57",8
"66","7",53
"38","28",15
"37","32",6
"83","27",6
"79","27",10
"76","28",15
"74","4",14
"57","45",20
"65","52",14
"84","60",32
"78","37",18
"72","13",12
"81","52",28
"76","3",14
"82","50",46
"84","56",17
"73","26",28
"50","42",7
"82","30",7
"90","30",3
"75","59",13
"26","20",14
"65","51",18
"71","4",30
"27","19",9
"51","39",35
"71","17",23
"61","2",47
"59","45",84
"63","49",41
"78","49",53
"74","1",25
"27","20",18
"83","13",3
"68","54",16
"76","13",12
"66","52",16
"82","40",21
"28","25",3
"41","35",9
"76","44",51
"85","54",6
"80","15",18
"80","44",30
"79","51",40
"78","48",66
"79","32",12
"78","56",89
"83","55",28
"85","16",5
"47","40",12
"85","51",5
"84","40",10
"77","11",11
"71","26",37
"80","31",11
"83","40",22
"83","48",18
"84","1",8
"82","64",6
"58","44",56
"70","56",22
"82","54",22
"76","19",13
"82","51",23
"56","47",6
"78","41",22
"75","3",27
"74","56",58
"75","24",11
"77","14",11
"83","49",12
"73","19",16
"82","63",18
"83","44",11
"84","34",6
"76","4",11
"81","16",7
"83","30",10
"79","26",7
"85","59",17
"79","25",14
"83","3",8
"22","16",10
"56","45",23
"78","23",8
"85","36",4
"77","22",10
"23","15",14
"75","29",21
"76","60",22
"72","12",30
"59","48",11
"80","43",18
"41","32",16
"80","26",10
"69","7",30
"42","32",22
"82","45",18
"75","9",17
"79","9",6
"81","37",6
"82","44",13
"69","56",5
"85","35",12
"83","38",7
"82","27",6
"76","21",15
"63","0",28
"36","29",4
"20","12",16
"33","26",8
"68","0",29
"35","32",3
"14","2",7
"81","10",9
"82","58",18
"29","30",5
"85","62",11
"80","62",16
"12","0",4
"42","33",12
"76","15",14
"80","9",11
"41","31",15
"77","15",19
"22","17",7
"43","32",24
"31","23",14
"71","14",21
"78","22",15
"79","55",57
"22","14",25
"78","46",47
"78","15",19
"35","29",8
"80","12",13
"82","11",6
"69","0",23
"72","4",27
"78","44",40
"84","61",13
"83","61",12
"15","4",4
"32","30",9
"74","29",16
"81","63",12
"78","18",6
"83","65",8
"25","25",5
"81","29",5
"80","2",11
"28","20",31
"42","40",3
"59","50",7
"54","44",11
"80","14",8
"81","43",14
"75","10",27
"75","58",23
"70","58",6
"80","51",31
"78","0",9
"54","42",26
"86","52",9
"83","58",17
"81","28",7
"71","0",10
"69","57",6
"24","15",20
"79","23",8
"78","26",14
"77","8",12
"66","54",10
"71","56",14
"19","9",9
"73","2",16
"74","59",10
"71","60",6
"18","9",6
"16","5",5
"77","13",6
"76","6",15
"81","38",11
"43","34",20
"67","2",35
"83","53",15
"75","11",15
"46","40",13
"81","65",7
"30","30",7
"78","6",11
"75","25",48
"21","13",11
"79","62",7
"84","42",6
"80","46",22
"73","14",20
"82","41",7
"73","5",25
"86","25",4
"59","47",13
"82","25",10
"75","28",24
"86","6",5
"72","11",18
"81","22",4
"54","45",7
"77","4",16
"36","28",7
"25","17",15
"82","53",22
"59","46",24
"86","61",8
"65","53",7
"82","6",4
"86","59",12
"37","29",9
"85","42",3
"75","19",20
"77","12",7
"83","43",8
"80","19",7
"80","27",4
"81","39",8
"81","62",11
"84","45",12
"66","3",30
"74","3",17
"78","13",4
"78","21",6
"77","21",10
"84","63",11
"83","32",6
"79","2",7
"74","27",27
"52","43",11
"31","26",7
"76","41",34
"24","19",6
"35","27",16
"38","30",28
"72","56",32
"87","53",3
"65","55",11
"35","35",8
"73","21",15
"82","49",9
"81","35",12
"83","63",14
"32","26",11
"79","47",34
"84","55",16
"80","0",13
"83","33",8
"75","2",12
"81","36",11
"78","29",5
"79","29",9
"79","42",31
"78","19",12
"107","99",6
"78","33",18
"88","62",5
"64","53",5
"82","65",12
"86","65",9
"87","27",3
"87","56",3
"76","14",11
"45","37",15
"74","9",9
"79","43",19
"61","49",11
"80","22",8
"74","16",16
"75","21",18
"64","55",6
"76","12",10
"26","19",7
"76","17",12
"85","64",11
"81","1",15
"84","36",5
"79","33",15
"84","47",11
"77","5",9
"81","4",8
"76","11",11
"85","56",8
"81","11",9
"79","58",39
"31","25",6
"44","37",9
"87","65",9
"84","65",13
"86","64",8
"81","19",6
"34","28",14
"80","18",11
"80","17",7
"51","41",11
"88","60",8
"79","41",17
"83","24",7
"86","42",3
"48","39",8
"87","50",10
"54","43",13
"31","22",5
"81","14",8
"28","23",4
"83","41",5
"81","41",19
"82","52",16
"74","26",21
"84","62",17
"74","21",15
"45","39",4
"73","12",27
"77","17",10
"81","20",8
"82","12",10
"42","34",7
"80","28",12
"83","14",4
"81","30",16
"80","16",4
"81","27",5
"82","9",4
"46","39",4
"48","41",5
"78","17",9
"88","20",6
"80","11",9
"79","10",9
"43","39",3
"37","40",3
"81","24",5
"78","14",10
"25","19",11
"82","15",11
"86","37",7
"81","46",16
"83","62",12
"53","45",10
"80","38",13
"82","14",8
"84","35",12
"22","20",8
"53","44",7
"88","48",9
"85","38",8
"63","52",9
"85","52",12
"43","38",4
"83","22",3
"85","58",16
"34","30",7
"82","62",9
"41","33",12
"78","3",7
"77","10",10
"82","47",5
"84","59",15
"84","8",8
"86","40",3
"81","64",7
"85","53",7
"83","64",7
"16","9",4
"88","45",3
"38","29",11
"84","51",7
"73","58",14
"80","3",15
"81","34",3
"87","45",7
"82","21",6
"78","5",7
"82","59",18
"41","40",7
"76","31",11
"52","41",13
"79","38",8
"79","5",8
"108","99",5
"82","39",10
"83","54",8
"32","22",17
"52","45",8
"79","12",8
"85","44",10
"18","12",3
"82","26",7
"79","3",12
"35","31",5
"84","44",6
"75","0",14
"53","42",8
"32","27",5
"29","22",8
"40","41",4
"17","10",3
"39","39",3
"30","29",6
"86","44",3
"77","33",28
"85","57",6
"77","18",11
"81","0",4
"29","25",5
"36","31",4
"82","7",6
"33","27",7
"28","28",4
"86","56",12
"83","46",4
"84","54",9
"89","60",4
"98","0",13
"81","47",11
"22","18",6
"79","16",3
"88","55",5
"87","46",4
"68","56",6
"22","21",3
"86","58",6
"87","58",4
"87","59",5
"41","34",7
"76","8",6
"26","25",3
"87","55",7
"17","8",6
"98","22",6
"47","41",4
"21","15",8
"84","37",6
"17","7",3
"42","39",6
"86","28",4
"92","65",4
"27","30",5
"87","3",3
"88","34",3
"86","62",3
"81","17",4
"84","11",3