"trip_time_in_secs","trip_distance","diffix_count"
707,2,81
123,0,81
459,1,202
477,1,204
507,1,171
210,0,172
1136,2,20
418,0,51
970,1,11
1258,9,3
1076,3,17
181,0,143
4,0,53
193,1,28
647,0,8
150,0,126
104,0,78
310,0,122
936,2,29
940,1,19
467,2,34
542,1,126
496,1,169
594,1,116
435,1,210
256,0,173
508,1,181
216,0,174
154,0,150
12,0,27
254,0,176
194,0,174
584,3,15
274,0,174
247,0,174
231,0,159
223,0,170
275,0,183
323,1,140
183,0,161
257,0,194
412,0,53
269,0,159
100,0,59
779,1,43
895,6,9
563,2,57
74,0,41
316,1,131
160,0,143
647,2,69
252,0,195
377,1,181
197,0,145
588,3,18
437,2,38
240,1,3733
446,0,42
261,1,80
668,4,11
326,0,141
427,2,29
436,1,195
220,0,155
306,0,132
203,0,161
195,0,152
213,0,181
321,1,134
259,0,190
376,1,162
380,1,178
263,1,88
580,2,68
289,1,90
293,1,118
757,4,6
570,2,62
388,0,66
157,0,142
685,5,9
305,0,119
375,0,85
504,1,171
473,1,201
490,1,179
101,0,72
127,0,111
477,3,5
322,0,118
255,0,152
335,1,156
468,2,46
173,0,153
269,1,113
635,2,57
329,2,3
466,0,31
573,2,58
118,0,84
455,2,32
648,2,60
318,0,143
532,1,134
593,2,74
272,1,105
387,2,37
627,1,108
394,1,166
337,1,145
273,1,99
415,1,170
543,3,13
363,1,193
236,0,169
512,2,63
248,0,173
294,0,146
373,1,168
664,1,100
347,0,109
308,1,127
393,1,182
389,1,195
242,0,173
423,1,197
297,1,108
341,1,148
461,2,33
511,1,162
234,0,158
352,0,83
314,1,144
169,0,171
244,0,152
511,0,31
418,2,28
382,1,177
338,0,107
344,1,156
421,0,68
310,1,125
290,1,122
364,0,86
392,1,174
222,1,46
543,2,47
266,1,90
381,1,168
682,3,23
449,0,46
425,1,204
488,2,50
569,1,126
487,0,33
431,1,176
336,2,9
424,1,218
362,1,199
413,1,186
491,0,32
245,0,179
386,1,209
418,1,185
493,1,179
457,2,38
338,2,14
243,0,177
557,1,128
603,2,66
251,0,186
581,3,16
200,0,179
397,0,67
491,1,170
430,1,190
796,6,6
402,1,198
671,4,11
636,2,58
420,1,10950
449,1,170
497,1,164
428,0,46
262,0,166
338,1,168
742,2,72
608,0,15
598,2,67
248,1,72
615,2,72
292,0,161
166,0,143
494,1,163
217,0,210
271,1,86
609,2,57
295,1,108
512,0,27
230,0,154
419,1,187
447,2,45
222,0,160
474,1,177
605,1,115
329,1,145
458,1,212
116,0,87
315,2,8
185,0,157
516,0,29
198,0,184
317,2,3
381,0,85
202,1,35
276,0,164
433,1,162
440,0,51
594,2,69
354,1,162
754,4,11
476,1,193
410,0,65
256,1,88
642,3,21
492,2,56
824,4,10
232,0,175
514,0,17
228,1,64
539,2,64
772,2,61
131,0,103
421,2,32
396,0,70
776,4,12
201,0,166
536,2,50
731,3,27
303,1,138
412,1,194
302,0,144
342,1,173
454,2,35
191,0,145
417,1,217
518,0,28
541,0,22
480,2,2603
405,1,174
378,1,157
369,1,196
602,1,117
399,0,76
49,0,22
502,1,186
266,0,154
214,0,189
576,3,15
411,2,24
553,2,61
446,1,159
304,1,126
240,0,10209
211,0,167
575,3,14
271,0,161
138,0,99
225,0,167
983,6,4
192,0,156
1426,5,5
349,0,102
624,2,75
546,2,57
367,1,161
618,3,19
617,1,104
680,4,8
348,1,178
788,3,30
697,3,31
284,0,171
334,0,116
188,0,185
110,0,73
875,4,12
1032,4,9
565,2,71
285,0,128
226,0,190
928,4,11
117,0,112
339,1,158
403,2,31
680,3,27
965,5,9
1500,17,46
548,2,76
380,2,22
1065,4,14
1401,3,11
846,3,20
841,4,12
471,1,160
1326,4,10
230,1,63
583,2,78
576,0,12
892,8,6
913,3,14
887,4,7
535,1,146
802,3,24
862,4,15
1004,2,28
488,1,159
1259,5,8
496,2,43
309,0,130
257,1,95
878,4,15
830,4,19
1033,5,8
927,3,31
362,2,21
1197,4,9
916,5,9
884,4,13
398,0,63
1018,4,18
1143,3,16
307,1,134
470,2,37
318,1,142
451,1,181
658,3,31
1349,4,8
572,2,65
273,0,165
620,1,88
346,1,165
441,1,179
299,1,138
443,1,219
687,6,5
427,1,202
245,1,86
328,1,166
1289,5,5
239,0,166
499,1,178
389,2,11
453,0,44
313,0,131
475,2,33
459,0,45
288,0,148
175,1,17
176,0,156
823,2,56
811,4,13
170,0,151
450,2,33
448,1,167
450,1,173
390,0,62
438,1,194
522,2,55
337,0,116
417,0,57
515,1,168
366,1,170
395,0,64
689,4,14
730,4,9
417,2,21
431,2,27
390,1,172
695,3,25
491,2,45
420,0,3727
106,0,65
407,0,65
500,1,186
272,0,137
500,0,22
468,0,37
470,3,7
402,0,76
760,3,31
206,0,151
445,0,37
489,1,169
365,1,171
552,1,159
109,0,80
548,3,14
357,1,180
196,0,160
186,0,145
379,1,193
340,1,157
200,1,28
224,0,162
250,1,77
209,0,168
450,0,44
428,2,21
619,2,87
304,0,144
429,1,194
228,0,196
146,0,117
148,0,107
173,1,14
556,1,145
277,0,186
371,1,152
305,1,129
486,1,199
1048,5,10
651,1,91
665,1,92
973,3,20
628,1,97
46,0,25
996,4,9
872,3,30
1860,4,67
846,4,12
659,2,68
322,1,144
883,6,8
812,3,26
268,0,145
195,1,43
313,1,128
503,2,55
452,0,31
189,0,166
1129,4,4
34,0,26
715,2,84
132,0,116
629,3,16
283,0,166
790,2,55
519,1,152
530,2,42
577,1,143
815,3,29
981,3,23
308,0,134
120,0,5169
1097,5,4
600,1,7154
703,2,63
601,1,113
634,2,60
524,1,143
668,1,82
481,2,36
650,1,105
353,1,169
410,2,22
833,2,47
464,1,197
871,8,6
677,2,73
422,1,205
1318,4,9
563,1,139
980,4,20
342,2,6
945,4,12
295,0,143
401,2,21
695,1,69
147,0,128
315,0,121
437,1,178
449,2,36
331,1,139
487,1,177
428,1,175
207,0,186
899,4,18
721,2,55
478,1,187
114,0,85
296,1,114
409,0,53
342,0,116
652,1,74
328,0,133
403,1,186
426,1,184
555,1,144
548,1,136
332,0,103
454,1,174
587,1,142
372,1,172
172,0,133
128,0,90
416,1,169
156,1,16
735,2,65
468,1,223
585,2,78
558,0,18
332,1,134
360,1,9791
184,0,171
311,0,137
316,0,131
2,0,62
325,0,122
233,1,75
469,1,170
543,1,125
495,0,37
505,1,169
466,1,169
397,1,184
253,0,189
426,0,39
375,1,155
148,1,8
398,1,200
36,0,22
41,0,19
345,1,172
524,2,59
139,0,131
440,1,196
573,3,13
538,2,50
284,1,130
477,2,41
302,1,121
884,2,38
268,1,94
531,1,136
212,0,160
578,1,124
656,2,57
535,3,10
498,1,189
664,2,78
494,2,49
460,0,47
283,1,98
852,2,56
545,0,7
400,0,65
585,0,13
393,0,54
923,5,11
412,2,33
281,0,135
879,1,24
792,3,29
387,1,164
583,1,129
545,1,144
663,2,62
746,1,48
505,2,48
480,1,10721
135,0,112
514,2,49
437,0,56
801,1,34
298,1,119
603,1,108
657,2,74
523,1,152
842,5,6
484,1,181
320,0,126
358,1,158
356,0,98
616,2,73
411,1,173
189,1,27
262,1,90
472,1,173
557,2,83
596,0,7
145,0,123
217,1,32
163,0,128
151,0,126
260,0,150
303,0,143
280,1,103
455,0,42
376,2,18
768,3,29
218,0,185
492,1,175
515,2,60
933,3,36
562,3,16
204,0,189
595,2,60
597,1,109
395,1,177
435,0,60
553,1,165
521,1,166
242,1,59
452,1,199
409,1,153
525,2,61
795,4,14
566,1,125
541,1,141
219,0,158
63,0,42
434,0,47
723,4,17
479,1,184
757,1,46
579,2,58
137,0,124
322,2,11
384,0,77
102,0,69
210,1,36
286,1,89
566,3,21
432,2,30
278,0,147
197,1,29
513,1,158
330,1,138
300,1,6979
227,1,46
237,0,156
762,3,31
235,1,62
538,3,14
846,1,33
655,3,28
750,2,71
672,2,86
249,0,172
456,2,41
441,2,43
321,0,129
737,2,60
406,1,172
593,1,129
475,1,168
476,2,44
506,1,171
196,1,34
942,4,16
609,3,14
743,4,13
445,1,177
619,3,25
1108,9,7
674,2,79
301,1,144
1116,4,9
719,4,10
1285,5,7
537,2,68
622,2,69
847,3,32
326,1,132
746,3,24
817,3,30
863,3,31
849,5,8
675,2,78
421,1,167
898,3,25
501,2,49
770,5,10
732,4,5
575,2,79
436,2,36
689,2,59
143,0,148
356,1,168
347,2,11
1181,4,6
628,2,70
664,3,19
315,1,139
895,2,47
712,2,51
859,4,11
1059,4,11
895,4,13
513,2,52
704,3,16
819,4,6
654,3,27
628,3,25
324,0,119
947,1,16
1049,4,6
567,1,125
559,3,11
825,2,53
687,2,55
568,3,12
596,1,134
612,3,25
260,1,92
152,0,137
511,2,59
327,1,156
459,2,38
681,1,78
700,1,66
1195,7,10
487,2,56
129,0,101
495,1,154
547,1,151
761,4,12
867,5,7
687,3,23
558,2,62
279,0,156
678,1,68
671,2,75
417,3,3
666,3,20
748,6,6
705,2,81
754,2,67
640,1,81
229,0,166
278,1,116
397,2,22
679,1,72
411,0,58
821,4,17
609,1,124
371,0,81
500,2,57
263,0,167
533,1,141
289,0,152
1032,6,8
959,2,30
756,4,8
205,0,140
527,2,60
684,1,80
524,3,14
422,2,31
702,2,65
369,0,77
264,0,185
408,2,29
206,1,30
445,2,35
1147,4,14
1015,4,13
536,1,165
526,1,162
688,0,12
941,4,6
520,1,184
156,0,146
876,5,3
680,1,71
404,1,175
370,1,204
81,0,43
688,4,11
545,3,13
808,1,46
463,1,183
394,0,70
167,1,14
415,0,58
1168,2,13
553,3,17
312,0,136
498,3,5
307,0,134
644,2,63
704,1,57
689,3,18
530,1,152
635,1,89
781,3,22
115,0,84
299,2,8
122,0,115
455,1,185
507,0,32
317,0,139
590,1,112
234,1,73
626,3,20
290,0,141
585,3,16
1008,4,10
1419,4,6
571,1,139
497,2,58
1108,4,15
1064,3,23
625,1,98
835,4,13
735,3,29
644,1,103
493,0,24
613,1,117
982,5,7
373,2,17
254,1,69
361,0,87
1358,6,3
1123,8,8
334,1,169
280,0,172
624,1,109
573,1,140
344,0,108
619,4,5
770,4,16
1026,6,10
301,0,145
385,1,164
469,0,35
133,0,121
981,4,9
657,1,80
1239,3,16
968,6,5
769,3,21
47,0,25
427,0,55
1109,9,5
686,3,24
528,1,150
895,5,5
983,5,5
885,2,58
194,1,29
493,2,53
559,1,140
618,2,66
155,0,116
193,0,163
998,5,10
179,0,146
489,2,37
798,1,42
393,2,24
778,3,29
859,3,29
175,0,153
501,0,27
1154,5,9
600,3,965
1239,4,9
1154,4,12
900,4,807
940,4,16
642,0,10
1142,10,5
648,1,93
632,1,105
1157,5,5
684,2,68
1210,9,3
98,0,65
309,1,132
665,4,13
182,0,151
733,2,63
330,0,123
667,2,67
670,2,71
364,1,158
668,3,24
950,2,43
265,1,81
279,2,5
995,4,12
953,4,15
615,1,107
1074,4,8
890,2,52
1067,5,6
965,4,13
1408,6,6
333,1,147
1185,4,14
1244,6,4
357,2,10
706,1,49
834,4,21
718,2,84
383,2,26
922,5,11
666,1,89
678,3,24
908,3,21
1251,6,7
671,3,26
528,2,48
711,2,72
483,1,174
947,5,9
556,2,66
495,2,45
562,2,77
697,2,72
549,1,152
907,4,13
1141,5,11
830,3,17
258,0,175
600,2,4060
534,1,163
769,4,12
768,2,54
300,0,8844
345,0,95
801,2,55
937,5,8
612,1,116
701,1,68
1214,5,9
227,0,163
1341,4,6
339,0,126
906,5,11
656,4,9
637,3,22
504,3,8
1209,5,9
706,2,76
595,1,110
611,3,22
1418,6,6
1042,6,7
1220,4,14
1298,4,12
958,4,10
787,4,10
798,4,15
948,2,42
1501,5,7
1270,5,7
766,4,20
813,1,34
988,5,11
728,1,70
810,3,22
756,2,88
392,2,21
868,2,43
581,2,55
388,1,193
1168,9,3
1061,3,18
366,0,96
368,0,92
886,1,22
1158,4,11
1269,3,7
478,2,43
829,3,28
331,0,121
896,5,8
519,0,16
516,3,12
472,2,43
389,0,76
1053,5,15
561,2,66
462,1,194
386,0,66
811,2,63
818,3,35
592,2,68
126,0,102
754,1,56
215,1,39
467,0,47
744,2,66
1054,5,15
956,3,26
444,0,56
363,0,92
825,1,30
1396,4,5
718,3,26
591,1,135
808,2,52
922,1,18
912,2,43
503,1,192
775,1,41
541,2,62
233,0,158
759,1,48
856,4,12
1019,5,7
764,2,59
691,4,10
566,2,63
282,1,112
665,2,62
238,1,64
867,3,33
610,1,119
347,1,150
482,1,169
558,1,148
208,1,43
311,2,10
775,3,34
287,0,152
119,0,85
456,1,206
710,1,58
810,1,24
187,1,20
520,2,63
508,0,35
424,0,59
465,0,40
23,0,19
709,3,23
551,1,137
674,1,75
552,2,65
68,0,31
407,1,175
456,0,33
439,2,48
572,0,13
372,0,75
620,2,80
223,1,58
357,0,92
743,2,57
360,0,6043
176,1,23
662,1,71
994,7,5
954,2,40
690,3,20
872,1,25
783,2,64
403,0,60
288,1,112
732,3,31
213,1,55
470,1,182
595,0,6
402,2,33
121,0,102
354,2,15
401,1,174
532,2,65
324,1,143
847,2,49
207,1,37
367,0,91
355,1,157
355,0,94
143,1,11
113,0,89
353,0,88
216,1,40
747,2,60
130,0,99
810,2,50
961,2,32
663,1,76
174,0,156
823,4,12
281,1,111
564,1,127
836,1,31
208,0,197
696,1,88
198,1,31
832,2,54
510,2,48
553,0,13
510,1,180
740,2,63
793,2,64
891,4,8
359,1,196
490,2,42
886,3,28
521,3,10
523,2,59
323,0,131
311,1,122
797,2,54
639,2,80
483,2,59
432,1,169
637,1,94
646,1,103
580,1,120
654,1,88
586,1,118
693,1,70
446,2,41
745,1,58
857,2,56
291,0,152
608,1,111
684,3,26
763,1,48
737,3,17
994,1,12
815,4,22
1283,3,18
351,1,185
282,0,146
349,1,165
408,1,203
631,1,113
444,1,192
641,1,94
264,1,80
314,0,118
732,1,56
1002,4,22
680,0,8
681,2,76
246,0,151
1019,6,13
518,2,53
569,2,72
893,4,14
1019,7,5
813,4,16
921,1,13
406,2,25
850,4,12
743,1,65
460,2,43
783,3,22
1554,5,3
374,1,172
946,2,42
913,2,39
853,2,45
866,7,8
701,2,76
527,1,169
747,1,61
599,1,115
840,1,1728
708,2,71
869,3,25
949,3,18
926,4,18
613,2,70
724,5,6
703,4,15
247,1,80
404,0,86
582,0,12
916,1,8
572,1,103
917,1,13
442,1,201
637,2,58
416,0,58
948,5,13
977,1,10
819,1,29
998,2,23
274,1,99
821,3,34
1063,1,8
858,3,44
1060,3,18
748,1,52
205,1,27
709,2,66
368,1,182
707,3,22
840,2,3161
111,0,80
141,0,129
1004,1,13
837,3,30
956,5,8
279,1,98
916,3,24
773,2,54
62,0,22
935,1,21
384,1,166
847,1,35
776,2,73
70,0,32
621,1,109
683,1,81
409,2,33
786,1,37
771,4,10
670,1,83
881,3,18
690,1,72
1038,3,21
1859,4,3
975,4,17
876,3,33
1005,5,12
745,3,26
646,2,64
439,0,48
794,3,31
582,1,118
972,5,9
554,2,69
1712,6,6
861,4,9
939,4,20
718,1,64
546,1,155
781,2,63
916,2,40
1496,11,6
937,4,11
729,2,61
297,0,151
517,1,150
1297,6,5
1067,2,20
516,2,59
643,3,14
1124,1,5
1022,3,14
766,2,64
352,1,174
578,2,84
574,1,131
844,5,12
1025,4,13
725,4,5
597,2,75
1075,1,8
972,4,13
579,1,124
942,3,31
1560,16,35
95,0,53
1209,4,9
439,1,196
1184,2,13
1237,3,16
1119,4,3
171,1,15
695,2,72
1396,2,5
1167,9,8
696,4,13
35,0,20
585,1,120
606,1,99
1262,6,4
758,1,51
659,1,98
582,2,58
486,2,60
731,1,58
404,2,20
285,1,113
1092,4,11
544,0,17
627,2,74
730,1,65
621,0,8
554,1,144
691,2,67
209,1,34
329,0,125
601,2,71
513,3,13
661,1,77
538,1,149
625,2,76
566,0,11
538,0,15
859,2,50
159,0,146
1078,3,26
77,0,54
807,1,35
780,2,3687
704,2,69
588,1,136
932,2,36
149,0,110
398,2,20
275,1,107
949,4,11
168,0,148
177,0,169
666,2,82
694,1,75
713,2,64
875,1,23
498,0,32
424,2,28
529,1,154
742,5,6
259,1,83
299,0,162
988,3,25
325,1,149
525,1,169
1105,2,10
660,4,384
467,3,4
457,1,179
665,3,17
752,2,59
238,0,140
715,4,17
306,1,116
320,1,153
1281,3,12
723,1,56
529,0,20
535,2,65
340,0,104
586,2,71
547,2,54
140,0,113
239,1,66
862,3,28
533,2,53
89,0,57
813,3,32
379,0,79
598,1,125
704,0,10
215,0,173
755,2,60
589,1,110
348,2,10
1150,4,10
1149,2,13
907,2,47
686,1,73
97,0,69
1343,4,5
465,1,169
350,1,180
327,0,136
794,5,7
1187,2,13
619,1,114
1092,5,8
144,0,119
783,4,12
792,4,15
569,3,18
988,4,18
731,2,54
882,4,13
830,2,54
396,2,26
544,1,129
791,2,75
702,1,60
648,3,23
793,4,18
688,3,24
187,0,137
633,2,72
890,4,16
958,5,8
1081,3,21
465,2,42
578,4,6
1013,4,10
786,3,24
653,2,85
915,4,8
991,5,5
1334,3,7
1211,4,4
991,3,25
1574,4,4
864,2,30
1055,3,16
1060,5,8
948,1,9
1380,3,423
236,1,53
1019,3,19
926,2,42
848,3,13
1365,3,9
747,3,36
1001,4,13
253,1,70
877,3,35
911,3,32
584,1,116
698,3,26
1275,4,14
408,0,51
361,1,170
224,1,59
762,1,45
434,1,190
1061,2,20
667,1,83
505,0,34
1272,3,12
1260,6,233
911,2,35
976,4,3
779,2,49
78,0,34
797,1,45
1057,2,21
1658,17,3
231,1,54
1387,3,9
1144,5,6
447,0,43
1251,3,19
1338,3,3
714,3,24
1019,2,20
270,0,158
1091,5,5
1137,4,9
1331,4,9
842,3,33
984,2,41
479,0,29
949,1,12
826,3,36
560,1,145
162,0,157
930,5,9
1021,4,9
724,1,72
992,1,10
727,3,28
1028,4,12
964,3,18
1095,1,11
851,2,57
630,2,83
712,1,63
972,1,10
720,1,3740
960,2,2019
878,2,54
854,2,53
841,1,24
485,1,180
984,1,12
786,2,63
286,0,154
852,1,24
864,1,26
703,1,60
440,2,44
836,8,3
894,1,22
559,2,65
805,1,35
643,1,108
1082,2,25
715,1,65
142,0,137
945,2,44
576,2,72
574,2,69
912,3,22
651,2,71
862,2,38
1427,3,5
858,4,14
815,1,33
887,3,27
1436,4,6
808,4,13
850,1,13
570,0,14
1129,3,19
1105,3,22
623,1,110
319,0,122
786,5,8
943,2,35
1012,4,11
966,2,38
738,1,41
676,1,81
755,1,62
1285,3,9
924,2,38
725,0,3
359,0,90
802,1,38
821,1,33
848,1,36
1112,3,13
892,3,27
341,0,97
751,2,71
699,3,30
714,2,73
1284,3,10
1321,5,4
485,2,52
844,6,10
901,3,27
190,1,31
758,4,7
1002,5,10
1245,2,6
400,1,181
891,2,35
1045,1,10
720,6,121
916,4,20
1451,5,4
178,1,21
740,5,6
410,1,189
947,3,27
782,2,47
509,1,160
758,2,60
720,2,4234
904,2,47
1048,2,24
1134,4,10
385,2,27
928,2,40
649,1,84
373,0,89
915,1,22
827,1,22
1121,2,13
1055,2,27
1012,3,23
680,2,69
675,1,77
1034,3,21
1057,1,9
534,2,57
1087,2,22
963,2,40
540,2,3512
1113,4,8
842,2,58
1170,4,10
951,1,18
957,2,43
1029,3,13
793,1,49
619,0,6
717,2,71
882,2,47
214,1,36
901,2,52
1266,2,9
922,3,21
942,1,16
1390,4,7
1068,2,15
614,1,116
999,3,23
898,4,11
919,2,38
1543,6,5
1167,2,12
1150,3,21
565,4,3
562,1,135
1032,3,20
1176,7,5
1256,3,12
134,0,94
939,2,51
713,3,24
517,4,6
965,1,16
1217,3,10
918,2,30
749,2,54
460,1,162
1058,2,26
1119,2,17
1155,3,18
293,2,4
973,2,41
755,3,26
638,3,20
966,5,7
161,0,136
711,5,8
696,2,78
396,1,184
624,3,17
935,2,33
655,2,64
1321,8,7
890,3,29
500,3,7
1357,4,5
1332,5,7
522,3,10
977,4,11
351,2,11
1347,5,4
565,1,125
504,2,52
588,2,67
767,1,58
171,0,152
818,2,52
343,1,162
750,4,15
779,4,18
365,0,84
529,2,53
610,3,14
751,1,50
1184,4,17
390,2,22
1077,2,23
167,0,153
1122,5,13
920,2,42
1386,9,6
616,1,90
773,1,47
112,0,93
413,0,64
567,2,70
498,2,46
691,1,71
631,3,21
301,2,3
125,0,104
335,0,98
608,2,66
296,0,157
596,4,7
438,0,48
620,0,13
729,1,50
377,0,90
669,3,17
485,0,31
898,5,9
764,1,61
690,2,65
353,2,13
716,1,71
479,2,59
599,2,75
725,2,60
530,0,26
391,1,163
568,0,21
556,0,8
522,1,169
630,1,96
526,2,62
812,1,39
1114,4,9
612,2,59
291,1,108
776,3,27
469,2,45
555,2,56
252,1,75
164,0,134
539,1,148
232,1,57
605,0,10
540,1,9245
685,1,72
546,3,15
473,2,50
512,1,177
970,3,23
430,2,25
647,1,89
885,3,29
406,0,63
830,1,31
719,1,73
590,2,58
704,5,7
688,1,74
533,0,20
88,0,56
998,3,25
277,1,88
348,0,100
914,2,46
1161,2,13
856,1,29
933,1,11
539,3,10
1041,5,5
735,1,68
770,3,28
774,2,54
1176,3,14
419,0,68
351,0,90
671,1,91
1156,1,4
669,1,61
1193,4,7
946,3,22
843,2,59
689,1,69
759,3,22
225,1,43
1141,2,10
1103,2,16
894,3,23
923,2,37
769,2,63
1560,8,83
1453,5,6
805,3,34
335,2,13
683,2,60
852,5,3
817,1,39
697,1,66
654,2,85
774,1,42
868,4,9
1043,1,4
623,2,74
633,4,6
873,1,30
170,1,15
241,0,155
942,2,43
923,3,18
136,0,105
1020,5,464
655,1,100
1308,4,6
753,1,53
841,2,56
982,1,8
1090,2,21
1028,2,23
1320,2,297
1099,2,14
91,0,67
489,3,12
719,3,22
1424,2,4
985,2,29
636,0,7
606,2,81
497,0,33
1226,3,13
839,1,29
518,1,150
576,1,135
832,1,28
659,0,8
462,0,43
1309,3,13
1170,2,12
897,3,28
392,0,68
250,0,171
391,0,72
872,2,54
1027,6,7
790,1,48
825,5,5
741,1,50
750,1,47
685,3,17
941,1,13
1102,2,22
752,1,70
785,5,5
930,3,22
983,4,19
974,3,23
886,5,11
1003,2,20
1026,2,21
889,1,26
641,2,58
956,2,36
739,1,43
843,4,12
435,2,27
693,2,72
877,2,46
854,3,26
995,3,23
955,4,14
883,3,27
1132,2,14
692,1,65
765,1,45
800,1,39
571,2,70
1055,4,4
907,3,27
819,2,58
550,2,66
723,2,76
477,0,27
936,3,24
883,1,30
662,3,27
516,1,157
699,1,74
660,2,4329
415,2,25
728,2,65
733,1,65
578,3,22
855,3,22
317,1,156
771,2,62
964,5,8
202,0,183
823,3,33
813,2,63
1017,2,28
832,4,14
877,6,3
1240,1,3
866,1,25
1452,6,6
581,1,152
889,3,25
1112,1,7
199,1,25
540,3,610
1148,4,12
1278,1,3
906,4,18
1131,6,11
884,3,25
853,1,30
458,2,40
741,3,27
775,2,59
1153,9,5
651,3,22
1218,2,17
803,2,72
362,0,95
976,3,24
904,4,13
438,2,35
848,2,42
501,1,164
650,2,73
1032,5,6
667,5,10
954,3,26
824,2,55
837,1,35
658,2,62
694,2,64
1083,5,7
895,1,27
604,1,106
1176,2,14
1018,2,25
673,1,75
489,0,29
575,1,131
845,1,22
482,0,28
952,4,8
692,3,25
827,3,22
744,4,13
984,3,21
1133,8,8
662,2,64
430,0,43
467,1,182
514,1,150
461,1,182
885,1,18
923,4,15
39,0,17
660,1,5335
1060,2,23
748,2,73
743,0,5
352,2,15
261,0,182
555,3,11
319,1,134
211,1,42
605,3,21
590,3,19
350,0,106
928,6,9
707,1,75
913,4,12
924,4,11
336,1,147
630,3,22
577,3,18
1006,4,11
658,0,9
537,1,145
675,3,22
1127,5,12
796,2,58
614,2,57
814,2,45
1047,5,8
678,2,75
405,2,24
634,3,17
632,2,69
639,1,76
789,3,28
572,3,10
371,2,25
741,4,11
696,0,11
632,3,22
312,1,108
617,3,15
652,2,68
875,3,27
509,2,55
599,3,21
838,3,28
466,2,45
601,4,8
265,0,164
429,2,40
642,1,100
721,4,13
728,3,24
1065,5,10
771,1,48
679,3,29
855,4,16
618,1,90
656,1,87
713,1,70
681,0,8
1012,2,43
458,0,56
887,2,47
382,0,78
1096,2,21
885,5,5
447,1,177
929,1,19
846,2,40
1025,1,10
354,0,99
711,1,61
891,3,15
799,2,58
740,1,60
1128,2,15
913,1,16
459,3,11
1010,3,22
825,3,28
346,0,102
989,2,36
899,2,42
861,1,25
1004,3,26
647,4,7
870,2,49
972,2,27
1009,2,31
854,1,31
958,1,11
990,5,9
523,0,20
1285,2,5
634,0,13
963,1,8
1022,5,12
787,2,63
158,0,144
328,2,7
646,3,18
999,2,31
626,1,88
896,3,24
1093,3,19
951,3,32
1126,3,15
994,2,28
735,4,10
863,1,26
827,2,58
956,1,9
916,9,9
1188,2,11
945,1,21
845,2,56
221,0,158
727,1,63
789,2,57
871,1,24
998,1,12
1041,3,20
951,2,46
1046,2,24
1119,1,7
673,0,7
30,0,11
592,1,109
474,2,46
564,2,54
370,0,82
844,2,49
684,0,11
1075,3,23
934,1,14
881,2,45
797,4,23
1051,2,26
846,5,14
726,2,57
757,3,24
298,0,130
1054,2,24
94,0,65
826,1,30
682,1,67
828,2,42
787,1,34
1158,1,6
1198,3,19
716,2,77
877,1,25
990,2,28
892,2,46
661,0,7
879,2,38
989,3,25
941,3,26
1028,1,10
1342,3,9
1192,2,6
980,2,22
462,2,43
957,3,23
1029,2,16
255,1,72
705,1,77
480,0,2281
1205,3,13
784,3,16
484,0,28
105,0,74
970,2,33
705,3,20
1164,3,12
1273,3,8
780,0,268
897,1,15
693,4,7
662,5,5
638,2,75
1022,2,16
1195,3,13
721,1,64
654,4,9
463,0,38
178,0,141
787,3,29
800,2,66
843,3,20
638,1,93
1114,2,12
1116,2,23
1023,1,10
778,1,33
454,0,31
483,0,35
979,2,36
788,1,54
577,0,7
1057,4,10
672,3,23
622,0,4
806,1,45
567,0,19
586,0,13
333,0,116
1339,3,11
542,3,13
531,2,53
992,2,23
442,2,46
677,3,30
1027,2,25
1097,2,18
601,3,15
872,6,8
715,3,28
981,1,16
645,2,85
739,2,79
1047,3,23
383,1,176
649,2,52
1030,2,23
416,2,22
1371,3,7
791,8,4
1099,4,6
368,2,14
1063,2,20
710,3,29
730,3,33
725,3,19
595,3,13
1223,4,17
596,3,19
1152,2,10
1239,2,8
675,5,6
604,4,3
244,1,61
1221,3,8
806,2,64
312,2,8
383,0,74
614,3,24
229,1,61
99,0,69
27,0,20
1102,7,10
870,3,22
1604,5,4
936,6,5
811,1,37
622,1,118
761,3,17
1094,2,25
499,3,7
1148,3,16
1125,4,11
124,0,115
1117,2,10
378,2,13
903,4,14
791,1,32
1036,4,6
1199,2,11
1250,3,10
995,5,4
927,5,3
842,1,21
550,3,16
1082,3,20
294,1,106
727,2,67
697,0,6
867,1,22
1136,5,9
914,3,24
818,1,42
839,2,65
369,2,14
1435,3,8
1000,3,24
673,2,70
978,4,14
858,1,18
677,1,91
561,1,118
881,1,27
1252,3,12
760,1,50
476,3,10
1143,5,5
947,2,34
679,2,80
1006,3,33
1232,2,8
1034,5,6
453,1,166
1064,2,16
549,2,46
681,3,20
551,2,74
864,3,26
602,2,67
672,5,4
405,0,62
1202,3,12
1031,2,26
583,3,16
719,2,62
639,0,11
644,4,7
698,2,69
1207,2,7
832,5,4
481,1,181
1175,8,8
725,1,55
645,1,103
504,0,19
722,1,66
643,2,78
1366,3,4
517,0,23
883,4,21
547,3,11
693,3,22
181,1,14
799,1,39
1412,4,4
1115,2,16
1230,3,13
896,1,19
568,1,129
1071,2,10
776,1,42
843,1,37
901,4,15
853,3,26
1013,3,24
962,5,13
1011,3,25
570,1,131
757,2,61
1444,3,7
631,2,82
1064,6,6
270,1,94
1075,2,20
1172,6,10
746,4,17
1012,1,14
952,6,4
798,2,73
1178,3,9
1377,3,7
1208,3,12
1236,2,9
1052,4,15
184,1,16
709,1,57
640,2,73
550,1,127
560,0,15
1065,2,17
1009,3,16
1046,6,7
742,4,16
1152,3,10
1305,3,7
862,1,25
629,2,84
1107,2,15
1144,2,18
930,2,40
1000,2,30
422,0,50
1313,4,9
1113,2,17
1166,2,10
478,0,28
1127,2,17
1097,3,21
1036,1,8
995,1,12
1058,3,23
1005,3,18
438,3,11
944,2,43
873,2,51
1308,2,8
524,0,31
1123,3,13
734,3,25
1039,1,12
1133,3,12
1227,7,4
962,3,22
990,3,24
737,1,48
1133,2,15
1098,2,16
1267,6,11
617,4,4
551,3,12
1084,7,3
1188,4,11
1084,1,5
1213,3,13
1446,4,13
1261,2,10
1142,4,16
753,5,9
661,2,75
902,2,35
557,0,17
687,1,89
1053,6,8
890,1,22
986,3,27
1136,3,12
488,0,37
851,3,38
929,6,10
898,1,20
777,1,36
710,2,64
834,2,49
801,3,23
826,2,53
1074,3,14
915,5,14
1189,2,9
545,2,63
1281,4,8
1195,4,11
767,4,14
636,1,97
1204,2,6
403,3,4
837,2,45
972,3,24
1302,4,8
926,1,14
1289,2,9
977,3,29
1055,5,11
180,0,8974
874,3,24
670,0,8
336,0,108
960,1,792
399,1,153
432,0,56
1206,2,4
909,4,7
1033,2,33
787,0,5
1317,2,12
1110,2,18
457,0,44
44,0,26
506,0,28
1159,2,8
1151,2,8
692,2,71
1130,1,4
471,3,11
890,6,8
876,2,51
927,4,6
1285,4,11
844,1,29
677,4,6
830,6,7
16,0,21
1095,2,22
1010,1,5
461,0,45
1166,4,15
1027,5,8
708,1,64
1123,4,14
1246,4,4
1028,3,27
506,3,11
1106,2,11
875,2,43
1200,3,855
629,1,88
814,4,9
1180,3,16
824,1,36
1151,3,26
722,2,58
1024,3,26
1136,6,6
513,0,26
726,1,54
1079,1,7
831,1,34
838,2,51
887,1,20
994,4,12
792,2,54
1287,2,9
791,3,21
1008,2,33
788,2,60
835,2,33
14,0,27
593,3,19
1053,2,30
977,2,25
470,0,30
1234,5,11
607,2,65
612,0,14
630,0,9
878,3,31
293,0,132
267,0,163
1204,5,13
976,1,13
169,1,22
1336,5,4
922,2,35
103,0,71
803,5,6
531,3,11
714,1,68
778,4,13
833,4,18
1044,2,18
433,2,35
243,1,74
387,0,79
905,2,41
902,1,16
994,3,17
909,2,41
634,1,99
343,0,101
1010,2,33
975,2,32
929,3,25
1037,4,13
1132,3,14
1040,2,26
734,1,59
484,2,43
895,3,20
560,2,68
1268,2,7
453,2,37
1496,3,7
1169,2,7
962,2,34
809,2,70
1107,6,4
858,2,56
567,3,13
617,2,75
448,2,44
1421,3,8
919,6,4
1079,3,19
96,0,67
381,2,10
359,2,14
1380,8,114
1299,2,8
976,2,22
882,1,9
939,1,15
965,2,24
611,1,114
849,2,54
766,3,41
235,0,194
1101,2,25
957,1,11
1275,3,12
623,3,21
1084,2,25
1052,1,6
589,0,12
784,2,69
1059,3,19
899,3,19
946,1,13
833,1,34
820,1,27
945,5,5
804,1,37
989,1,14
1764,6,7
908,1,25
1052,3,25
1020,3,1406
794,2,62
971,2,34
429,0,45
1014,2,25
1051,1,4
1069,5,6
831,2,45
1337,6,4
1087,5,12
886,2,49
388,2,21
653,3,20
867,2,51
777,2,70
607,1,110
781,1,66
891,1,24
1177,8,5
1059,5,11
246,1,64
925,2,35
696,3,30
463,2,63
519,3,8
700,2,58
717,1,66
472,0,37
589,3,12
1268,9,9
1200,5,367
931,1,11
20,0,19
968,3,26
503,0,21
896,2,36
711,3,28
616,4,5
923,1,16
1245,4,11
1179,5,7
385,0,77
844,4,12
779,3,27
1003,3,13
401,0,64
682,2,73
510,0,26
929,2,32
980,1,10
611,2,69
526,0,16
1110,3,13
859,1,24
856,2,42
330,2,6
900,2,2585
656,3,35
93,0,63
364,2,19
726,4,13
577,2,50
941,2,47
870,1,18
825,4,13
963,4,13
465,3,3
1001,3,15
984,4,11
926,3,16
770,2,63
1264,3,20
1278,3,9
517,2,47
414,1,179
691,0,3
822,2,46
668,2,77
932,3,22
1193,3,17
799,3,34
808,3,26
993,4,18
1,0,32
587,2,69
1265,3,10
380,0,77
944,3,32
1017,4,15
761,1,44
386,2,15
420,3,149
950,5,14
814,3,22
19,0,13
962,4,12
1136,8,10
423,0,43
1084,6,6
1093,2,15
42,0,21
333,2,10
441,0,52
1101,3,21
1125,3,21
1115,3,20
533,4,5
150,1,11
1222,4,11
729,3,29
436,0,47
943,3,24
785,2,56
502,0,20
481,0,25
1215,4,6
816,2,46
642,2,65
1122,2,18
1197,2,10
886,4,10
107,0,67
1186,2,11
1033,1,11
995,2,35
730,2,66
983,2,27
1113,3,14
1260,3,691
1080,1,300
888,2,39
771,3,26
841,5,8
451,0,51
762,2,64
773,6,5
324,2,7
993,1,15
1238,3,10
936,5,6
850,5,10
1273,2,8
985,4,10
603,4,5
1124,2,11
1049,1,4
552,4,5
633,3,17
671,0,6
83,0,44
768,1,41
1018,6,8
783,1,51
5,0,38
1128,6,5
688,2,75
883,2,44
990,4,12
1129,2,9
869,1,21
278,2,3
190,0,139
1130,3,15
1158,5,7
631,0,5
873,4,13
1105,6,7
1165,8,4
960,3,1462
413,2,25
706,3,24
948,3,33
1041,2,23
865,3,21
804,3,21
869,5,6
791,4,17
492,0,32
1025,3,22
374,0,72
685,2,74
1072,2,14
726,3,26
945,3,31
522,0,21
686,2,82
521,2,52
873,3,22
1269,2,13
1214,2,9
1405,4,5
1344,5,11
652,0,5
1312,2,9
1306,3,12
45,0,25
1112,5,7
997,5,8
515,3,11
1090,4,14
1218,4,11
1188,3,13
1021,3,19
1078,2,17
902,3,28
761,2,67
564,0,15
649,3,23
823,1,41
1050,4,13
785,1,37
1114,7,10
1067,3,14
815,2,44
981,2,32
237,1,61
978,2,32
840,3,1668
906,2,38
1180,2,16
940,2,22
927,2,38
464,0,35
221,1,48
672,1,79
1668,3,7
86,0,50
959,4,14
1130,2,19
1023,3,23
1220,2,8
1001,2,32
1162,3,16
978,1,16
162,1,17
933,2,35
676,2,58
855,2,50
857,1,21
583,0,11
734,2,54
861,2,46
1081,2,21
874,2,51
805,2,48
814,1,40
1193,7,8
1238,2,11
769,1,46
751,3,29
969,2,31
1065,1,7
1222,3,12
701,3,22
986,2,30
1142,3,12
979,1,11
1277,2,11
1073,5,8
69,0,30
1016,2,22
829,1,29
1083,2,19
177,1,17
1299,3,6
841,3,20
1114,3,23
986,1,9
15,0,26
1023,4,11
370,2,18
750,5,4
641,0,13
287,1,113
698,1,70
414,2,30
899,1,25
294,2,3
658,4,5
1160,2,11
933,4,11
639,3,19
65,0,32
803,4,14
608,3,19
303,2,4
1328,3,4
473,0,41
1197,5,10
1015,2,22
760,2,64
667,4,9
1070,2,18
887,5,8
797,3,25
622,3,21
955,5,5
903,2,45
974,5,6
1118,4,14
1011,1,8
443,2,29
442,0,37
840,4,767
1467,8,5
203,1,44
763,4,11
537,0,14
1296,6,3
821,2,42
649,0,12
728,4,10
888,1,21
218,1,40
938,1,14
372,2,19
993,3,23
817,2,57
828,1,26
736,3,34
165,0,165
987,2,37
1002,8,5
750,3,32
1287,3,5
1128,3,14
1157,4,9
1138,2,16
1300,3,9
780,3,1632
1288,2,9
888,3,20
52,0,25
1385,3,7
782,5,10
607,0,9
1312,3,8
1246,5,7
812,2,53
932,1,10
249,1,65
1224,2,8
521,0,26
220,1,45
1771,6,4
1049,2,22
1216,2,11
1145,2,13
829,2,59
694,4,8
1156,2,14
1073,2,16
1247,4,11
1033,3,17
1158,3,21
816,1,30
1270,2,7
733,3,32
1099,3,16
739,4,17
1059,1,8
1061,5,5
1147,3,24
909,1,11
1347,3,10
865,2,56
997,2,26
997,1,11
1175,2,9
997,3,23
1167,4,8
1038,2,27
969,3,31
1040,3,27
1012,5,8
621,2,71
971,1,9
1222,2,13
1069,3,15
1263,2,7
1111,3,19
1117,6,7
1071,1,8
1292,3,12
1092,6,8
1095,3,26
1272,2,7
1202,2,7
1223,2,5
1082,4,13
1304,4,10
893,2,32
1230,2,6
429,3,10
568,2,72
930,4,19
759,2,68
1072,3,23
1268,3,13
871,2,46
809,1,33
950,4,8
1265,2,7
1123,5,11
876,1,29
925,1,19
924,3,31
1244,4,5
547,0,24
789,1,35
544,2,68
1057,9,3
1126,2,15
672,0,8
1438,10,6
906,3,27
153,0,128
1066,2,12
770,1,55
1229,3,12
1255,6,10
258,1,99
748,3,26
3,0,47
633,1,104
1135,3,11
753,2,66
490,0,28
267,1,84
603,3,21
939,3,29
938,6,7
358,0,86
669,2,63
1065,3,20
1021,1,14
596,2,66
868,1,24
1035,5,6
701,5,6
928,1,13
376,0,86
535,0,20
694,3,20
845,0,4
475,0,31
772,3,22
968,2,36
1243,3,9
966,3,23
1006,2,29
1068,3,25
1246,3,8
1118,5,8
1107,3,20
763,3,32
713,4,8
745,2,60
628,0,14
1121,3,22
494,3,14
1392,5,7
915,2,33
1007,2,26
1020,1,509
1135,4,8
1337,4,7
1163,2,10
1297,3,11
999,1,9
860,4,12
108,0,67
744,3,28
1036,3,21
1085,3,23
988,2,34
910,2,33
980,3,31
1380,4,351
1032,2,28
1050,2,27
756,1,48
967,2,27
1020,2,1569
1388,3,10
974,4,12
43,0,28
1153,2,15
1165,3,17
996,2,26
1459,4,5
911,1,22
992,4,6
1290,3,9
1980,5,28
1073,4,8
1070,3,19
1005,2,36
1076,2,27
905,1,19
1008,1,12
1332,3,8
1051,3,12
1106,4,10
772,1,43
1042,1,13
1148,5,8
1134,3,14
1286,3,16
1088,3,17
1161,4,7
1199,5,9
1610,8,6
1167,3,13
893,1,18
1281,2,6
604,3,16
1740,2,21
1293,3,8
407,2,23
802,2,57
1288,5,3
778,2,62
1138,3,16
1089,3,19
931,2,38
874,4,17
1047,4,17
901,1,13
1228,3,8
1551,3,7
1315,5,9
1054,3,17
606,3,15
384,2,22
836,3,22
1246,2,7
186,1,17
604,2,56
251,1,62
160,1,9
56,0,12
292,1,112
1185,3,18
1672,10,3
1397,9,4
869,2,52
505,3,12
1235,2,10
879,3,23
775,5,9
491,3,7
1414,3,11
183,1,22
1469,6,9
79,0,45
557,3,15
700,3,25
444,2,44
50,0,17
54,0,23
535,4,5
731,0,3
87,0,61
861,3,18
11,0,15
508,2,51
502,2,46
340,2,8
320,2,12
366,2,18
597,3,20
632,0,6
499,2,57
426,2,30
528,0,20
539,0,16
464,2,56
611,4,7
448,0,42
548,0,17
738,3,27
765,5,5
753,4,9
691,3,29
1419,3,8
1191,3,26
1409,3,5
652,3,21
1126,6,8
991,2,22
1215,3,13
1229,2,12
796,1,27
1547,4,3
549,0,25
1025,6,7
1355,7,6
1246,10,3
935,3,25
616,3,17
1425,4,5
375,2,18
1184,6,11
952,2,38
744,1,49
1396,10,6
591,2,67
374,2,24
716,4,12
431,0,40
874,1,25
785,3,25
1689,11,3
1145,5,13
921,6,8
898,2,35
1500,16,30
1276,2,7
1117,3,17
949,2,30
896,4,7
988,1,13
683,0,13
1241,6,5
1031,3,15
1315,3,5
1111,2,18
1112,2,20
1040,1,10
1089,2,18
1079,2,15
532,0,15
1299,4,8
1283,2,7
863,2,46
1340,3,9
960,6,270
1231,8,5
558,3,11
758,3,33
399,2,27
1434,3,5
598,0,11
1026,3,18
919,1,17
800,4,15
451,2,42
551,0,16
1147,7,7
507,2,49
584,2,66
954,1,11
627,3,14
909,3,28
1295,5,8
152,1,18
358,2,11
1367,3,8
626,2,75
1196,3,15
1131,3,9
766,1,65
615,3,15
917,2,47
452,2,40
1004,5,7
471,0,31
1367,4,3
860,3,19
1133,5,15
1045,2,18
463,3,6
1007,1,12
908,2,40
1163,3,13
1110,6,10
655,0,8
767,2,50
537,3,9
276,1,101
1324,3,13
1274,3,13
481,3,9
756,3,29
1008,3,19
1008,5,8
694,0,4
792,1,32
904,1,15
580,3,16
774,3,34
1034,2,21
423,2,41
508,3,6
395,2,18
1178,4,10
520,0,23
999,8,9
635,3,20
1015,8,8
1023,2,24
1570,7,3
917,3,23
834,3,29
1718,9,3
1436,6,9
1362,3,9
790,5,7
964,2,34
363,2,14
594,3,13
1357,3,7
1140,2,898
650,3,13
722,3,25
1258,3,13
754,3,24
763,2,47
910,5,7
993,5,9
721,3,28
1137,3,22
1155,2,8
1221,2,10
1225,2,8
629,4,5
593,0,17
563,3,9
1077,3,17
1740,3,57
940,3,23
742,1,42
894,2,49
486,0,17
807,2,43
534,3,12
929,4,14
1249,5,7
1168,5,12
400,2,27
731,4,7
1194,3,14
1331,2,5
1022,4,8
918,1,19
565,3,14
422,3,3
443,0,38
873,5,6
712,3,18
904,5,10
1146,1,7
1108,3,12
1242,2,8
1176,4,12
848,4,17
983,3,22
878,1,13
889,4,7
1233,3,15
1035,1,7
527,3,12
1056,3,25
959,1,11
1268,4,9
1440,5,217
653,1,103
1492,3,7
799,4,10
1204,3,16
1042,2,26
639,4,9
914,4,16
494,0,28
739,3,25
1250,2,10
833,3,33
764,3,28
1343,5,4
641,3,25
871,3,37
1240,3,13
1175,3,19
1253,2,4
1049,3,22
1412,5,4
158,1,7
1373,9,5
1045,3,23
974,2,26
1146,2,18
700,4,7
1044,3,15
519,2,56
199,0,182
1200,10,110
1159,3,20
1232,9,7
1059,2,18
880,4,12
698,4,8
1494,3,8
1327,3,9
1200,2,591
910,1,20
738,2,73
1189,3,14
1235,3,7
1425,3,7
496,0,22
1089,4,9
1221,7,7
1136,4,9
877,4,12
720,3,1523
1201,2,5
64,0,22
1141,4,13
971,3,20
800,3,31
1351,3,5
1184,3,10
179,1,14
591,3,14
612,4,4
784,1,39
999,5,7
922,4,12
1137,6,6
903,1,16
1036,6,5
1044,1,8
419,2,24
960,4,801
827,4,8
1660,4,6
1250,7,3
931,4,10
904,3,31
529,3,12
1048,9,5
840,5,365
657,3,24
857,3,25
1371,4,7
1435,7,8
1288,10,5
597,0,12
1043,2,24
382,2,25
714,4,13
927,1,17
1183,5,5
674,3,19
507,3,14
1017,6,6
378,0,83
893,3,26
48,0,12
866,2,48
1131,4,10
987,3,20
85,0,57
1047,2,23
1119,3,12
892,1,16
1513,4,8
92,0,54
1152,4,12
1560,3,168
1149,4,11
919,3,21
724,3,21
855,1,16
1183,4,12
1151,4,11
979,6,7
1094,6,6
1143,2,10
1081,1,4
1271,9,3
973,1,8
1104,2,11
1001,1,17
1250,5,9
1631,12,3
1101,4,15
1057,3,32
1056,1,11
844,3,24
961,1,12
1044,5,12
658,1,82
1002,3,19
807,3,32
975,5,4
1411,3,7
749,1,47
836,7,3
1134,2,19
542,2,49
1383,7,3
796,3,24
746,2,63
1216,8,7
1362,4,9
644,3,20
277,2,4
1671,9,3
425,2,35
159,1,12
1035,2,18
356,2,13
673,3,25
544,3,8
1290,2,4
185,1,31
897,4,9
987,4,11
843,6,5
1485,3,4
1441,10,3
536,3,10
782,3,30
1306,2,8
938,3,29
361,2,18
695,4,6
902,0,3
717,3,21
598,3,15
558,5,3
512,3,9
1381,3,6
798,3,24
1208,2,5
589,2,49
305,2,9
961,3,21
640,0,8
1378,4,10
820,2,44
1336,4,9
967,3,19
816,6,5
1142,2,15
1376,3,10
850,2,43
953,2,32
546,0,11
482,2,44
1034,7,4
1050,5,11
1171,4,12
1417,4,6
767,3,32
496,3,7
940,5,6
697,5,6
1198,5,6
1166,3,12
745,4,10
1171,2,17
1111,4,12
780,4,619
451,3,7
944,1,14
643,4,10
965,3,29
1257,2,15
1214,4,6
950,1,15
434,2,37
1231,6,6
971,4,11
645,3,16
1320,3,506
636,3,16
921,2,34
1174,3,10
610,4,5
1294,3,4
350,2,18
1126,4,7
1053,3,22
1289,3,9
622,4,13
646,0,8
789,4,17
1350,3,6
502,3,14
168,1,11
1104,4,11
1021,2,24
1525,4,6
1194,4,13
377,2,15
1347,2,6
958,2,26
1118,3,19
967,5,6
367,2,21
226,1,57
592,3,17
777,4,10
1154,2,15
897,2,38
172,1,20
679,4,11
192,1,25
937,3,14
1392,3,4
471,2,39
1304,2,4
1980,8,27
1768,3,5
970,4,14
854,4,8
1406,3,3
794,1,23
1092,3,15
954,6,6
1024,2,27
603,0,10
1398,3,5
1125,2,17
943,4,16
870,4,15
1523,5,3
600,4,249
780,8,47
1183,2,8
600,0,844
306,2,10
663,3,18
1164,4,11
1086,4,15
1288,3,4
201,1,25
605,2,70
1128,5,9
1322,8,5
736,0,3
1535,5,7
724,2,59
1291,5,3
1114,5,11
455,3,5
793,3,33
1196,4,4
708,3,29
1013,2,35
1105,9,5
967,1,11
1695,17,4
1277,4,8
1472,3,8
795,2,56
1016,3,16
1046,1,7
610,2,66
1056,2,23
1145,3,26
584,0,7
1062,2,26
732,2,57
1364,4,10
1205,2,13
1463,3,6
1365,6,7
1335,4,7
1309,4,7
414,0,58
1311,4,9
765,2,65
1547,6,7
1260,5,387
525,0,21
1053,4,18
1014,3,29
166,1,14
1106,5,10
674,0,3
900,1,1154
82,0,45
1327,4,8
1498,4,3
1280,3,6
804,2,50
1325,4,8
881,6,14
1291,3,13
1427,6,3
699,2,62
61,0,32
723,3,30
530,3,9
136,1,8
904,6,6
1380,1,34
1140,4,610
1257,3,12
1233,4,9
57,0,31
1223,7,3
1342,8,6
1330,3,8
581,0,15
1243,4,11
832,3,27
520,3,11
607,3,17
1580,5,6
997,4,19
737,5,4
51,0,20
1314,3,10
829,4,15
1264,2,10
1278,4,10
1157,3,18
1082,1,7
1212,2,18
1225,3,14
1255,3,7
964,4,9
1162,2,12
955,1,16
1258,4,12
1456,5,3
1128,4,13
871,4,14
1232,4,15
982,4,14
869,4,20
852,3,23
60,0,1848
309,2,5
822,4,6
1540,11,3
1159,4,6
1227,8,6
1263,3,15
865,1,27
808,6,7
72,0,25
797,6,5
1172,4,10
131,1,5
1039,2,17
621,3,15
349,2,16
1434,2,8
1468,3,6
1310,6,5
609,0,10
1224,3,6
724,4,13
708,4,9
1319,2,3
1533,3,6
1295,4,8
702,4,5
618,4,7
1083,3,16
764,4,13
773,5,3
1393,9,8
880,5,6
1029,4,16
1146,3,18
938,2,31
623,0,9
1186,5,6
1349,9,3
80,0,50
241,1,55
1316,3,5
1216,3,13
1221,9,4
1440,3,314
73,0,40
839,3,22
1204,4,10
155,1,13
71,0,30
574,3,16
1031,4,18
1025,2,34
84,0,51
819,3,25
1297,10,3
153,1,9
528,3,13
1212,3,19
13,0,21
879,5,13
975,3,21
765,4,7
1224,4,6
149,1,9
1267,4,7
620,3,12
982,2,26
1653,10,4
1057,5,11
917,4,12
1085,2,15
736,2,66
1198,2,7
1465,4,8
1581,4,5
903,3,25
969,1,8
1286,4,14
1110,4,13
741,2,67
1087,6,9
907,1,19
1301,3,9
1226,5,9
712,4,9
1219,3,6
1003,4,13
1484,6,3
1070,8,4
1068,8,5
1010,6,3
674,4,6
37,0,13
413,3,6
1506,3,6
1039,3,21
59,0,35
58,0,24
307,2,7
280,2,4
1000,1,11
1364,3,5
1111,5,7
1227,3,20
1216,5,5
0,0,907
191,1,29
850,3,30
925,4,12
681,5,7
1219,2,7
527,0,14
602,3,13
1447,6,3
182,1,20
836,2,54
1039,5,7
908,4,14
1103,5,9
1077,6,6
930,1,16
1011,5,5
1124,4,8
894,5,10
1443,2,3
882,5,13
188,1,22
882,3,33
1160,3,18
1279,3,6
1182,6,4
1096,3,19
1294,4,4
1313,3,12
9,0,28
1286,2,6
847,5,16
836,4,17
1106,3,15
1186,4,8
1107,8,3
1340,4,4
1025,5,6
1137,2,11
1046,3,28
1336,6,6
1149,3,14
749,3,17
803,1,36
839,4,12
990,7,8
1081,4,16
866,4,9
668,6,7
1444,10,4
32,0,18
1036,5,16
476,0,21
932,4,14
518,3,5
986,4,12
994,5,9
1432,4,7
1276,4,9
660,5,204
867,4,14
1776,12,3
733,6,7
1140,3,1049
1307,8,9
699,4,6
748,4,13
950,3,19
831,4,8
586,3,13
914,5,16
1409,6,6
1019,4,13
864,4,14
1104,3,16
918,3,22
822,5,9
907,5,8
985,5,8
506,2,48
647,3,16
1157,2,14
1504,4,5
1074,2,16
1231,4,13
1015,1,14
915,3,24
1723,6,6
1149,6,5
943,7,7
958,3,22
810,4,11
1277,6,8
934,2,36
711,4,5
1207,1,6
174,1,15
717,4,8
1386,5,5
1680,4,104
1538,13,3
1195,2,9
875,5,3
501,3,14
690,4,7
801,5,6
541,4,7
394,2,23
1179,3,16
1476,4,5
718,4,15
661,3,14
967,4,16
1015,3,27
1226,4,7
1048,4,13
1024,1,7
1229,4,10
1208,4,8
523,3,11
1330,2,8
996,3,15
816,3,22
1388,2,6
1094,3,11
1120,4,15
921,4,18
790,3,25
29,0,22
1426,3,3
1551,10,3
1644,5,3
911,4,20
904,7,7
1231,7,3
682,4,13
973,5,9
1337,2,9
1011,2,24
1401,4,6
1155,4,13
1170,5,8
1201,5,4
1442,3,10
889,2,36
1215,2,7
355,2,15
820,4,10
662,4,3
141,1,11
858,5,7
762,4,10
1104,8,9
1319,6,8
781,4,10
711,7,3
1270,4,6
1471,3,10
1233,2,10
1097,4,3
1030,3,21
955,3,29
1747,3,3
560,3,14
204,1,33
1093,5,10
1409,7,5
851,1,26
1315,9,7
751,6,4
1141,9,5
1077,5,7
985,1,16
1085,8,5
1258,2,7
1297,5,11
733,4,15
1080,2,1136
985,3,27
903,5,7
1183,3,10
1303,6,5
1060,4,8
1102,3,20
801,4,14
1455,4,5
1214,3,8
1132,6,9
1354,6,3
705,5,6
540,0,1358
652,4,9
499,0,23
764,5,5
862,5,5
1428,10,3
1452,3,8
345,2,15
1372,5,11
1456,3,7
1483,3,11
1100,2,21
1407,3,12
959,3,21
1210,5,9
343,2,11
1122,4,8
1165,2,6
495,3,7
1194,2,9
1063,3,22
331,2,15
21,0,9
1386,4,9
1196,6,3
934,4,14
972,6,7
968,5,10
1084,5,8
1293,9,3
1218,8,7
1290,4,7
853,4,17
1272,4,9
605,4,6
984,7,4
1028,6,5
946,5,12
461,3,12
996,1,7
910,3,27
812,5,6
667,3,26
722,4,7
1122,3,17
1160,10,5
1139,4,10
1222,9,3
703,3,23
1638,4,3
1920,5,53
640,4,7
1447,4,10
1435,5,6
996,7,8
728,5,8
1000,4,19
1030,6,8
1225,6,5
1499,6,5
1247,3,12
947,7,4
830,5,6
2040,8,29
797,5,9
1352,4,10
773,3,31
1336,3,9
1222,6,5
1429,2,3
1081,5,8
1377,9,8
1266,5,9
944,5,7
914,6,6
1076,5,12
1320,11,79
1147,2,11
1179,6,8
1333,2,8
1398,4,7
805,4,11
900,6,232
1148,2,15
1218,3,11
1467,4,7
1017,3,16
1500,4,237
1086,1,7
1253,3,10
1140,10,102
1305,2,3
579,3,20
1366,9,4
1189,4,8
818,4,12
683,3,16
22,0,12
1145,4,12
736,1,68
1384,3,8
1090,3,15
960,5,470
931,3,30
1154,6,4
1144,3,20
1232,3,14
795,1,35
778,5,9
981,5,7
860,1,28
1337,3,11
1181,6,8
344,2,15
816,5,6
1091,2,26
2100,10,26
943,1,14
433,0,45
1284,5,4
1208,8,6
955,2,36
1055,1,10
838,1,28
852,4,11
986,5,10
1267,3,8
1092,2,16
425,0,54
905,3,17
905,5,13
1455,2,3
782,1,41
1393,3,4
765,3,21
1424,3,9
1432,7,7
880,1,27
1334,4,7
1329,3,12
1373,3,9
1227,4,10
1047,9,3
851,5,6
816,4,12
1120,3,19
823,5,6
1027,3,21
1363,6,4
1108,2,19
597,4,6
1254,3,16
1191,4,6
881,5,4
1186,3,5
702,3,26
1473,3,3
885,4,12
1244,3,14
454,3,6
161,1,12
1560,10,117
1069,2,6
1528,3,5
820,3,35
1052,2,17
1024,4,17
1519,3,9
1192,3,18
820,5,7
809,3,31
1160,4,15
742,3,20
1176,5,8
582,3,6
956,4,8
24,0,9
1172,3,15
509,0,18
1182,2,17
795,5,5
550,0,30
822,1,30
1043,3,20
951,4,8
1196,2,10
999,4,17
1127,1,4
993,2,23
1375,4,7
655,5,3
1019,1,11
928,3,26
1048,1,6
1088,2,24
1093,1,4
1084,3,23
1150,2,7
1210,2,9
1223,6,8
1054,1,13
1091,3,20
604,0,10
968,1,7
1259,3,13
975,1,9
1181,2,11
517,3,7
1500,5,153
2340,12,18
1193,6,3
806,5,3
1329,10,3
1020,4,777
1143,8,3
1227,2,8
780,1,2745
1258,5,7
1169,6,3
554,0,15
1125,5,7
766,6,4
962,1,7
982,3,22
1139,5,10
1126,1,6
989,4,13
2160,7,19
1038,4,16
1153,3,16
637,0,9
1387,7,5
515,0,29
701,4,10
1002,2,32
1079,4,13
1202,6,8
1137,5,8
1376,4,5
1174,2,5
952,1,12
947,6,8
90,0,55
1303,3,10
963,3,22
1085,4,10
1004,4,8
1135,2,17
1169,4,10
562,0,13
781,5,8
1304,3,13
1109,4,10
1139,3,11
1138,4,10
794,4,11
391,2,21
1321,2,5
941,5,8
952,3,22
910,8,6
53,0,23
1354,3,10
1168,3,13
1322,2,3
952,5,5
1202,4,11
687,5,8
534,0,17
1680,11,73
1096,4,10
552,3,16
1256,4,11
1005,1,7
1073,1,7
556,3,15
812,4,8
792,7,3
130,1,6
804,5,8
1369,3,8
1485,4,6
969,4,12
1262,2,7
991,4,15
951,5,5
1131,2,15
1174,4,14
1209,3,9
1210,3,10
360,2,832
1113,5,11
1207,5,7
824,3,22
768,4,10
863,4,15
1016,4,21
1383,8,5
1367,2,3
872,5,7
828,3,24
693,0,7
1076,4,12
327,2,8
1269,4,8
882,6,6
880,3,34
600,5,95
1190,2,13
606,0,8
1511,3,12
855,5,11
942,6,3
692,0,6
894,4,7
1473,4,5
1493,9,4
936,1,13
1419,2,4
870,6,8
1016,1,5
1581,10,4
1311,2,5
1300,5,4
1090,6,6
659,3,19
788,4,17
678,0,5
1643,10,3
1207,3,21
1287,9,5
1860,9,46
802,4,17
1357,9,4
1296,4,6
67,0,28
1800,6,53
565,0,13
925,3,23
892,4,11
720,4,514
978,3,18
1036,2,16
773,4,13
905,4,14
1115,7,5
635,0,9
1355,9,5
1121,6,7
840,9,36
448,3,5
1140,0,44
746,5,3
453,3,7
734,4,6
1046,5,8
1257,5,12
1380,5,269
1920,12,40
664,4,9
1134,5,6
1800,10,66
1388,4,7
879,4,12
1638,3,3
1390,5,5
614,0,7
880,2,32
1007,4,15
1037,1,11
916,7,8
1037,5,6
365,2,8
1133,6,7
1182,5,5
570,3,11
1074,6,5
33,0,27
1454,7,4
1007,3,25
613,3,12
1107,4,14
300,2,293
634,4,7
1174,9,3
1404,4,3
1034,10,3
838,4,17
1262,8,3
1324,6,9
321,2,10
1216,4,6
1220,9,4
154,1,4
1236,4,11
1015,5,8
626,0,10
881,4,11
379,2,23
26,0,16
826,4,15
571,3,13
853,5,7
542,0,21
1329,4,6
268,2,8
541,3,7
1248,2,6
1251,2,10
905,7,3
998,4,13
1500,15,24
163,1,16
146,1,12
934,3,21
954,4,12
66,0,33
1052,6,6
956,6,6
953,3,17
738,4,7
531,0,16
1270,3,14
1342,4,7
579,0,14
1064,4,9
6,0,33
1500,10,133
908,6,5
796,4,13
780,5,312
1507,3,7
1550,3,4
1056,4,9
1104,9,8
1245,3,19
822,3,26
953,1,18
1050,3,24
571,0,18
1403,4,10
653,0,8
1162,6,6
1028,5,5
747,5,6
1242,3,20
1132,5,9
304,2,9
1254,4,11
1264,4,6
1009,1,8
866,3,29
1717,6,5
1213,5,8
925,5,8
959,5,6
1076,6,12
1254,2,9
1597,9,8
1098,4,10
1121,5,10
1187,4,9
1301,4,6
1174,5,4
571,4,3
690,0,8
1081,6,6
1342,7,4
1026,1,8
845,3,27
1450,11,4
1353,3,9
1214,8,3
1675,8,7
1217,5,7
1027,4,11
1077,4,12
1075,6,7
1461,3,7
1407,4,10
1298,3,6
632,4,10
1229,5,7
1157,8,4
733,5,7
1206,3,12
1361,2,7
1035,3,15
1199,3,19
1285,6,6
1288,6,8
995,6,7
601,0,5
1462,3,4
759,4,17
764,7,3
8,0,32
1369,5,4
576,4,5
420,2,1695
31,0,13
1161,5,10
973,4,11
1049,5,6
902,4,9
920,1,18
1190,4,11
606,4,7
2880,16,10
835,3,18
1008,6,4
1054,4,10
1248,5,11
920,3,21
38,0,29
899,5,10
845,6,8
831,3,24
1240,2,5
857,4,7
871,5,3
980,5,9
989,5,9
1146,4,5
908,5,12
578,0,10
1064,5,4
1326,3,6
1066,6,6
949,5,10
614,4,5
1497,5,11
1088,4,11
625,3,25
457,3,7
1062,6,10
1158,8,5
1276,3,9
783,5,5
747,4,16
912,6,10
834,1,24
635,4,8
332,2,11
341,2,6
955,6,6
559,0,21
1561,9,5
777,3,24
346,2,19
599,0,11
219,1,54
633,0,9
1162,4,8
1247,2,6
1112,6,6
1104,5,8
743,7,5
1170,3,12
1225,4,8
1169,3,8
1341,3,8
1156,3,16
1440,8,107
1369,4,5
1284,4,8
1567,10,6
1318,2,9
706,5,3
1099,1,7
1344,3,7
1466,4,4
1309,6,4
1325,3,7
856,3,21
1383,3,6
1501,4,5
1191,8,5
1073,3,16
1300,2,6
563,0,18
1173,4,12
934,6,5
1796,5,3
1637,10,4
1440,2,150
1680,3,100
1568,9,3
1395,4,6
1168,4,11
10,0,15
1100,3,17
1206,4,9
1458,11,6
842,4,18
1344,4,8
1062,3,16
1219,8,3
319,2,8
1487,10,5
1611,4,3
1377,4,5
1372,9,6
536,0,15
1620,17,50
1211,3,16
884,1,18
659,4,5
1057,7,7
752,3,29
1360,4,6
946,4,14
1432,5,7
1415,4,11
486,3,8
1469,3,6
987,1,13
1011,7,8
753,3,35
1257,4,11
1396,6,3
943,5,7
935,4,8
849,3,23
806,3,19
1370,4,8
1289,4,9
880,9,7
1044,4,14
1177,4,12
1442,5,8
1255,9,5
641,4,6
804,4,14
919,4,20
655,4,7
921,3,18
474,3,7
1042,3,17
1114,1,8
920,4,10
2100,14,17
1389,3,6
276,2,7
1557,10,5
1241,10,5
1185,2,6
1164,2,12
940,7,3
772,4,13
1068,5,10
1096,7,5
602,0,13
76,0,26
1173,2,15
1005,4,13
1042,4,10
849,1,22
726,0,9
1408,3,7
736,5,3
474,0,24
466,3,7
458,3,6
1307,6,5
1030,4,5
1241,4,7
1194,5,9
645,4,7
845,4,10
1249,2,8
1320,9,176
1450,9,5
779,5,9
212,1,46
795,3,22
1103,3,20
1480,7,11
623,5,4
138,1,3
1172,2,16
929,5,9
326,2,5
1098,5,8
1173,3,7
75,0,41
334,2,5
681,4,9
1316,4,9
629,0,7
40,0,29
1063,5,8
751,0,7
1620,20,7
1048,3,13
1097,9,8
587,0,13
1142,5,14
719,5,7
1022,6,7
1412,10,3
1085,5,8
628,4,5
1091,4,11
1140,9,174
1143,1,3
1274,4,5
1379,7,6
1032,1,9
1530,5,7
1308,3,12
1093,4,8
1248,4,5
1207,4,4
1118,2,12
1109,5,12
1045,4,11
670,3,20
1577,5,7
654,0,6
1516,5,5
991,1,8
964,1,9
744,0,4
1057,6,5
1061,1,3
1112,7,3
1030,5,7
992,3,27
1370,3,6
813,5,7
868,3,18
872,4,11
913,6,8
1430,11,4
1436,3,4
55,0,16
1167,6,8
860,5,9
1273,9,5
552,0,15
1403,3,5
28,0,16
1359,3,13
990,1,10
1290,6,4
947,4,16
1560,7,84
1508,11,4
2160,5,20
590,4,6
1109,2,11
999,6,7
1384,9,5
860,2,41
782,4,8
743,3,29
864,5,12
594,4,6
1071,4,12
1086,2,14
1100,5,9
866,5,10
926,5,6
660,0,526
1080,4,696
1020,8,190
1181,3,15
588,0,18
1278,7,7
151,1,14
1154,3,15
509,3,8
1066,4,13
807,4,10
165,1,16
549,3,16
1011,4,16
937,2,32
1056,5,5
979,3,12
615,0,5
934,5,4
1632,6,3
900,3,1478
533,3,7
1182,3,12
1352,9,6
650,0,14
1217,2,8
1280,5,5
1141,3,14
888,7,6
1316,2,3
1356,3,7
1249,3,9
984,5,8
1315,2,8
1281,5,7
660,3,1236
1402,3,6
1315,6,5
1279,2,7
906,1,20
1918,11,5
625,4,6
729,4,13
740,3,28
1251,9,4
785,4,13
939,5,10
1202,7,4
1040,5,12
920,6,10
968,4,10
1203,1,4
1340,2,8
314,2,9
2220,6,14
649,4,5
1129,5,8
840,0,188
1098,3,21
716,3,21
1061,4,13
1147,5,15
809,4,4
18,0,15
1380,7,133
510,3,9
856,5,7
1223,5,6
164,1,14
180,1,1138
1351,7,3
1554,4,4
1322,3,10
1359,6,7
1429,3,9
1087,3,14
656,5,8
1056,8,3
1058,8,4
1523,10,3
1441,3,10
861,5,10
1231,3,12
1353,4,9
1070,4,13
1117,4,14
910,6,5
1038,1,5
624,0,9
1085,6,7
936,4,7
1377,2,6
1038,5,7
912,4,14
948,4,8
1078,4,10
1320,4,413
1075,5,21
1058,4,12
1380,9,175
1312,4,6
1015,6,4
1017,1,10
966,1,11
1040,4,11
1251,4,13
1182,4,6
1736,12,4
959,6,7
569,0,14
723,0,5
1364,7,7
643,0,11
1021,8,7
914,1,15
803,3,24
1184,5,4
847,4,13
1346,6,6
669,0,6
1014,1,11
1082,5,9
1037,2,19
1189,9,5
1238,4,7
874,6,3
851,7,5
1537,3,8
1181,5,12
1171,6,3
638,4,8
1021,9,4
1293,6,4
1080,3,1140
1086,5,6
1345,8,3
1366,4,6
1313,5,4
1980,17,43
1329,5,3
1355,3,8
1071,3,18
1596,4,6
982,6,3
1307,4,6
1199,6,5
1115,5,9
937,1,15
1190,9,3
1261,4,8
1009,5,9
1084,4,16
1451,9,5
1033,4,9
647,5,3
1368,5,4
1035,4,10
1009,7,4
1282,5,8
1470,3,8
1045,6,6
1483,5,4
1330,5,8
1500,8,91
1434,6,5
992,5,8
594,0,10
1383,10,8
592,0,5
1389,4,5
511,3,8
764,6,3
1003,1,9
1191,7,7
1105,4,12
1292,4,7
561,3,11
1039,4,13
1289,6,3
946,6,13
942,5,6
1179,4,9
1366,5,10
784,4,8
1205,6,3
1368,4,8
786,4,7
912,1,13
1205,4,17
663,4,9
970,5,11
1120,2,6
475,3,8
1357,5,5
1425,5,3
1067,4,6
1002,6,4
1176,6,7
1154,7,4
1608,4,5
1204,6,4
1189,5,4
1283,5,5
17,0,18
1078,1,5
838,5,7
837,4,16
1046,10,3
840,7,150
442,3,7
1058,1,8
1140,6,290
1410,3,6
1010,4,11
1333,4,7
626,4,3
1142,6,9
1179,2,6
2580,20,12
532,3,8
1924,17,3
817,4,8
1192,4,9
1322,4,7
1026,4,15
1117,5,5
888,4,16
835,1,21
1193,2,12
2520,8,10
1459,3,7
1112,4,19
1620,9,87
1037,3,19
1095,5,7
7,0,25
480,4,70
1649,7,4
979,4,6
932,5,4
1075,4,8
957,4,12
1278,5,8
1409,4,9
1381,5,7
1066,3,12
1277,5,8
1317,3,5
1411,4,9
918,5,7
1301,5,11
1226,9,3
752,7,5
876,4,10
1345,3,6
835,5,8
745,0,7
1391,3,9
709,0,3
1055,6,7
1003,6,4
1356,6,5
616,0,10
1107,1,8
1265,4,15
851,4,17
1220,3,8
1190,3,15
478,3,10
480,3,384
1171,3,10
543,0,17
1423,5,6
1523,3,7
1450,4,6
985,7,3
555,0,7
1213,4,8
1139,2,15
1228,4,11
1223,3,9
503,3,11
554,3,11
1538,10,4
912,5,5
1086,3,18
310,2,5
854,5,4
574,0,15
1124,5,11
1278,6,4
1346,4,8
1433,3,9
889,5,7
1358,9,8
1069,4,9
755,4,9
1071,5,8
757,5,7
1321,3,11
1016,6,9
1001,6,5
1529,4,6
1087,4,7
1200,6,250
561,0,15
737,4,13
1267,5,3
867,8,6
1261,3,11
1383,6,8
464,3,3
656,0,7
531,4,7
1248,3,14
1307,3,7
1289,8,6
1558,4,8
676,4,6
1045,5,6
120,1,159
650,4,10
1263,4,8
961,6,8
1431,4,5
928,5,6
587,3,14
661,4,9
806,4,14
720,0,351
1274,5,12
751,4,10
1156,4,9
990,6,5
755,5,12
854,6,6
1203,6,3
784,7,5
1186,6,4
740,4,13
1041,4,8
433,3,6
1297,4,9
1525,3,10
924,1,6
1287,5,9
1043,4,10
1083,4,9
1315,4,4
727,4,9
1114,8,5
1372,2,4
1090,1,5
1014,4,5
1094,4,7
1127,6,4
1173,5,12
1463,4,8
825,0,4
1511,4,4
1397,6,5
1479,5,6
1187,3,16
1151,5,9
602,4,6
1443,6,3
1209,2,10
1271,2,6
996,5,8
437,3,11
1233,5,8
1426,4,3
1333,3,12
1124,3,13
900,5,412
1310,3,10
1191,2,6
1119,5,3
1177,2,12
1850,7,5
1354,2,8
1237,4,8
742,0,4
807,5,3
1349,3,12
1632,9,3
981,6,7
1484,5,6
1463,5,5
1784,10,4
1338,5,8
1029,6,9
1418,3,6
960,8,161
966,4,10
1980,10,55
1097,1,8
1236,3,15
695,0,3
1234,4,6
1740,7,59
640,3,26
1235,4,5
575,0,14
857,6,5
1451,6,5
580,0,10
1330,6,6
1260,10,124
1127,3,12
1323,3,10
1402,4,8
710,4,11
1046,7,8
1107,5,4
1382,4,12
798,5,8
1391,10,4
1000,5,6
1544,3,3
902,6,7
1481,6,3
1673,12,3
1023,5,5
1367,5,5
1067,1,7
1298,2,7
1355,2,5
1320,12,34
1245,9,7
1500,6,147
1546,4,9
1200,9,227
1118,1,6
1332,8,7
1178,2,8
957,5,3
1260,4,490
1314,5,5
1603,12,6
1137,7,5
1046,4,11
1051,5,9
1170,6,3
1109,3,13
1492,9,5
865,6,9
1156,8,6
1390,9,4
1291,6,8
1399,3,3
3180,16,11
1088,5,13
1116,6,5
1572,4,7
1411,2,3
1061,7,3
1621,5,4
803,0,4
1620,3,124
1647,5,4
1319,4,4
1573,5,5
699,0,4
2460,21,7
1318,8,4
617,0,11
2580,10,7
2400,5,8
1121,4,9
1317,4,5
974,1,11
979,5,7
1603,7,6
1240,5,9
986,6,6
1438,3,6
1448,5,6
1478,4,9
1097,6,7
1507,9,7
811,3,24
1328,4,12
1262,3,9
900,9,60
1439,4,5
1580,3,3
1424,7,3
1125,1,3
1133,4,10
1375,2,6
1024,5,8
966,6,4
1433,4,7
1018,3,27
1420,4,7
1406,9,10
1639,4,3
900,7,129
1153,5,11
931,7,6
1539,3,7
1187,10,4
1415,5,8
1117,1,5
791,5,6
1235,6,3
1350,5,7
1298,5,4
984,6,6
1132,4,7
1323,4,8
1101,5,7
678,5,6
1372,3,6
1221,4,7
934,7,4
1110,7,8
1021,6,5
1372,4,8
1227,5,7
1059,6,3
589,4,5
1573,10,3
1038,6,8
1620,18,44
1068,4,9
1333,5,6
1036,8,5
1249,4,6
1327,5,12
1051,4,15
834,5,5
690,6,4
1275,2,8
1203,3,17
1211,5,8
1240,4,6
1271,5,6
1560,11,95
1598,4,6
1374,4,7
1449,2,7
1472,5,8
1086,6,7
1474,4,5
1260,2,410
1031,6,5
1671,7,3
1251,8,3
528,4,8
715,0,4
1080,6,287
1980,16,19
1454,10,3
1093,7,5
1860,6,52
1620,2,33
1100,4,8
1200,8,182
1144,4,8
1225,8,4
1253,4,7
1331,6,3
1058,5,12
1742,6,6
1265,9,3
1746,12,3
1389,5,8
1313,2,6
1266,3,10
1130,6,15
1167,8,4
1273,4,6
1334,6,3
1460,4,8
1282,3,3
1374,3,10
863,5,7
1199,4,6
1009,4,11
648,0,14
828,4,15
1174,6,7
1500,9,146
1088,6,5
741,6,4
1920,11,52
1144,6,3
1063,4,10
705,4,7
1175,4,8
1294,7,4
1224,8,3
611,0,6
1510,3,6
1359,2,5
989,6,5
676,3,18
1320,5,289
1141,6,9
1250,4,5
1334,8,5
1095,4,11
1292,5,7
2603,17,3
1226,2,8
1116,3,13
456,3,4
1265,11,3
1484,10,5
1316,9,6
1404,8,5
1211,2,8
1311,3,11
644,0,7
671,6,3
833,5,7
1508,16,4
1116,5,11
1260,7,161
1291,4,5
1395,2,6
2040,10,26
630,5,3
1254,5,7
877,5,12
938,5,9
1034,6,5
1201,4,6
958,9,6
1800,7,56
600,6,38
1618,4,5
1248,9,3
550,4,3
1378,5,4
1328,8,5
1253,7,7
1322,5,6
1332,4,5
1761,4,3
891,6,4
1436,5,7
1352,1,3
1219,4,5
1715,6,3
2580,17,34
1135,5,7
1222,5,8
987,8,6
1227,6,5
1332,7,4
1001,5,5
1331,9,8
1397,4,9
1484,7,3
1431,8,3
1294,9,3
2100,17,41
1401,10,6
1290,5,3
1256,2,8
503,4,3
538,4,4
1168,8,7
842,6,3
1305,4,3
1175,6,3
1208,5,8
1405,3,3
1236,7,6
1123,2,6
1439,6,6
1102,4,12
1153,4,7
1529,3,4
1341,5,7
1558,3,6
1400,5,6
1070,5,8
1030,1,5
1508,3,3
1158,6,7
1478,9,3
2340,10,15
1118,9,3
2160,17,27
1448,9,4
730,5,11
1197,8,9
1368,3,9
1237,5,3
1457,4,3
1413,3,5
1115,4,8
1274,7,8
1089,9,3
1980,19,18
2400,17,28
789,6,4
1159,5,6
1308,5,5
967,6,3
1299,6,9
819,5,6
1348,5,5
1354,4,10
1740,5,94
1500,3,244
938,4,13
1080,5,484
1378,3,10
1446,3,6
642,5,6
1732,4,3
1406,10,6
1399,5,6
1127,4,5
1158,2,6
1353,5,5
1206,5,10
1062,4,10
1072,4,11
1482,3,7
1454,5,6
618,0,12
1068,9,6
1232,5,5
573,0,13
1303,4,3
2400,21,5
902,5,6
281,2,3
2520,16,20
1498,6,5
1402,5,4
1340,5,3
1387,4,5
1302,3,7
1300,4,7
775,4,5
827,5,6
607,4,5
1263,6,6
1605,3,3
1680,12,53
646,4,8
1743,5,3
1230,4,4
1320,13,27
1462,5,4
707,0,6
1575,6,3
1037,8,6
1169,5,3
1130,4,9
873,6,6
1205,5,6
1349,5,6
1006,5,5
933,5,6
1242,4,7
1010,5,3
1105,5,9
1705,6,3
1422,6,6
1148,6,8
1080,8,195
1152,5,5
679,5,3
686,4,4
1252,4,9
918,4,11
1149,5,10
864,8,5
1600,4,6
935,8,5
961,4,10
1198,4,7
710,5,6
1980,14,9
1471,8,5
1380,15,25
1242,5,7
1047,1,3
1563,10,3
339,2,6
1800,18,46
901,6,7
1551,8,3
854,8,8
865,4,7
1096,5,4
1256,6,7
694,6,3
147,1,11
917,7,4
1407,5,5
760,4,5
1620,5,130
1086,9,7
1426,6,3
1080,9,153
1204,9,3
910,4,5
662,0,9
1120,9,3
861,6,4
809,5,4
1309,9,3
959,8,8
1476,6,6
556,4,3
1560,12,61
1140,8,184
1028,7,7
1179,9,5
1320,6,203
1620,4,143
1440,17,33
1200,4,540
1424,5,3
140,1,8
1351,6,6
1396,11,3
1367,12,3
1380,6,186
765,6,4
591,0,5
1034,4,4
318,2,6
1535,3,3
1648,6,3
642,4,5
2100,12,35
637,4,9
961,5,7
1178,10,3
780,7,89
1450,5,5
1254,9,4
767,5,6
814,6,3
1365,5,7
1200,7,156
1509,5,3
1017,5,8
1440,4,306
1024,6,4
1309,5,7
1282,7,4
1035,6,3
1266,4,6
1337,9,3
780,6,167
2280,4,9
1500,7,106
1560,9,101
1282,6,5
1140,5,383
1363,8,4
858,6,4
1507,7,4
1344,8,3
944,4,5
2160,16,28
1500,12,54
1477,6,5
1245,5,5
1523,9,6
2520,17,32
1495,7,3
1416,12,4
308,2,6
1440,9,158
838,7,3
1441,9,3
726,5,7
492,3,6
977,5,7
851,6,3
1260,8,163
1069,8,4
1399,2,6
926,7,3
2040,20,17
1980,18,29
960,7,157
921,5,10
660,6,80
1140,7,169
360,3,52
1555,10,3
1560,5,165
313,2,6
1341,6,6
870,5,3
1020,7,177
1335,10,3
1581,7,3
1560,6,112
1384,2,3
1860,17,35
1104,1,5
790,4,9
1410,6,7
1197,3,10
1920,17,42
909,5,9
1740,19,34
1298,7,3
1011,9,3
981,8,7
1620,14,24
657,0,7
1800,11,71
2220,10,20
1380,11,77
590,0,12
2340,8,10
1860,12,39
1551,6,4
900,11,10
25,0,12
1680,6,77
1260,9,186
840,6,216
1074,1,4
2160,11,25
2340,21,5
1029,1,4
1980,6,39
2107,11,3
540,5,47
1234,2,5
1554,3,4
3180,17,25
564,3,8
1320,10,143
2640,17,37
2040,7,30
1140,1,226
627,0,5
2340,18,22
2100,9,19
1197,9,4
2520,7,8
1620,7,92
0,1,4
411,3,3
1080,12,18
1292,2,3
811,5,6
1740,18,49
240,2,53
1620,11,68
325,2,6
2700,11,8
900,8,136
744,6,6
1140,12,25
1413,9,3
2940,19,11
720,5,243
900,0,131
1340,6,3
1560,4,198
1962,3,3
1020,9,105
1440,6,160
1138,5,3
1440,7,139
1260,12,35
1800,20,12
1440,1,24
2400,20,7
1440,16,31
1920,10,63
3240,18,19
1800,9,64
1260,15,19
1920,20,20
900,10,26
2400,6,13
960,11,13
2100,19,17
2040,9,29
1020,11,18
1200,15,15
960,10,37
1080,7,171
1800,4,61
2220,16,22
1560,21,5
1080,11,30
1260,11,66
1620,10,100
1260,14,20
600,7,11
2400,4,8
1740,11,68
2520,6,6
2400,8,10
1980,12,34
1380,10,126
1860,8,44
1740,21,8
1740,6,76
1020,6,272
2100,23,3
1320,15,28
1140,11,48
1980,21,4
1680,14,17
2340,5,7
1740,17,66
1500,18,23
1260,0,47
1020,0,98
2040,23,5
2160,4,10
1140,15,8
1560,13,28
1800,8,42
2100,8,13
540,4,147
2100,6,25
840,8,109
1380,14,25
1320,17,12
1140,14,12
1740,4,99
2280,10,23
2760,9,8
780,9,21
1680,5,83
2580,9,9
1860,7,46
2160,19,12
960,9,89
1620,8,61
720,8,23
1860,10,68
2340,11,18
1320,8,147
2160,10,26
1440,11,72
1980,13,23
2100,7,21
1320,7,137
2100,5,17
1440,10,132
360,4,9
1680,9,81
2280,6,10
300,3,10
1920,18,28
1680,13,29
2880,19,16
1020,10,54
1260,17,9
1680,7,79
1680,17,51
1500,14,21
1260,13,12
1980,11,53
2460,10,8
420,4,29
2160,6,18
1920,3,19
1380,17,21
1440,12,52
1800,17,34
1740,10,95
1740,9,74
1440,18,22
1920,8,39
2340,14,14
1740,15,20
1680,16,29
2100,4,22
2100,15,16
1380,12,43
1620,15,17
1800,5,53
1200,11,66
2700,12,6
1680,15,23
1380,13,30
1620,6,97
660,7,18
1920,1,4
960,12,6
1680,19,25
1620,19,23
540,6,9
1200,12,27
1860,20,17
1320,1,63
2040,12,34
2220,15,16
1740,20,14
1800,16,23
1260,16,14
1560,17,47
1980,7,30
1680,10,67
1680,18,29
1920,19,19
1440,15,27
1080,10,97
1500,2,81
2400,7,5
1380,18,14
3300,18,11
2520,18,15
2160,12,30
2880,17,23
1920,7,31
1860,19,26
2220,7,13
1860,13,19
3180,18,19
2040,4,17
2100,18,31
1860,14,17
1500,13,27
1980,20,15
1740,13,32
1560,18,19
1800,3,49
1800,12,58
3060,17,19
1800,19,22
720,7,57
1320,0,28
780,11,7
1920,21,8
3240,17,17
1740,16,18
1920,4,46
2220,8,18
960,0,90
2280,5,9
2940,11,6
2100,11,47
1440,19,11
1680,20,6
1200,14,13
2220,11,25
2040,15,12
1860,16,18
1740,8,47
2040,14,18
2700,18,23
1920,16,18
480,5,17
1620,12,51
1200,1,126
1620,16,17
1440,13,25
2400,10,13
2340,4,5
1200,0,37
1020,12,10
1860,18,38
1500,11,85
2460,17,33
2340,9,7
1380,16,31
2100,16,15
2640,15,6
2820,11,8
1920,6,38
2400,15,13
2280,15,11
2160,9,14
2160,8,20
1500,19,7
2700,9,3
2040,6,23
660,8,7
1800,15,17
2400,9,10
1860,5,56
1740,12,47
2940,17,32
3060,14,6
1920,13,22
2460,12,11
2460,15,5
3060,20,5
2760,11,5
2760,21,3
1860,11,61
2580,21,6
1920,14,20
1140,13,14
2580,11,12
1980,4,37
2040,11,40
2040,21,9
2040,5,26
2220,17,25
2280,8,7
2100,13,14
2460,7,10
2340,13,9
2700,10,5
2280,7,13
2040,17,37
2880,20,7
2460,14,15
1260,1,72
2700,20,9
2280,18,26
1560,14,13
2220,18,29
1620,13,33
2280,13,11
2460,13,6
2520,12,15
1320,16,20
2220,9,17
2100,20,12
2640,11,9
1560,15,17
2340,7,12
2520,14,14
2700,6,5
3120,20,10
1920,9,40
1860,21,7
1080,0,58
1560,1,22
2820,21,11
2640,16,15
2880,23,3
2640,20,7
1380,2,185
2580,14,6
1980,9,37
2400,12,12
2820,19,18
1680,1,6
1500,1,22
2640,8,4
2760,18,19
2460,9,9
1620,1,14
2280,9,18
2700,17,35
3060,18,18
2940,13,5
2220,14,10
1560,19,11
1860,1,9
2760,17,29
1560,2,62
3300,17,16
2640,18,18
2040,13,19
2160,13,14
1980,15,11
2580,19,10
2820,20,3
2160,18,19
3600,16,8
3420,18,9
2580,7,4
2220,4,9
2640,9,10
420,5,9
2580,16,14
1680,2,21
1620,0,10
3000,18,19
2700,16,17
2640,19,6
2460,18,24
3540,18,8
2520,10,7
3480,17,5
2940,18,21
2220,12,21
1380,0,16
2220,19,15
840,10,10
2340,19,23
2340,15,16
1800,13,33
3360,17,12
1680,8,65
2760,19,17
2580,5,3
2580,13,10
2520,20,12
2400,16,24
2760,16,13
2520,15,7
2880,18,21
3120,17,16
2520,11,4
3060,15,9
3240,23,5
3000,16,12
3360,18,18
2400,11,17
2520,19,12
2580,12,13
2280,19,12
2040,16,26
2220,13,18
2040,18,33
1920,15,12
1800,14,17
2280,16,16
2640,13,10
2280,14,9
2160,14,14
2280,11,16
3240,16,13
2760,14,8
2220,20,9
2400,18,22
1740,14,11
2820,18,21
3840,18,9
2460,20,9
2040,19,13
1320,14,17
1200,13,10
2280,20,13
1560,0,9
2400,14,16
1980,3,9
1860,3,25
3600,18,11
3120,18,19
2700,19,14
2280,12,26
3720,18,6
2700,13,6
2460,19,14
2100,3,11
1800,2,14
3660,17,10
2400,19,14
2400,13,13
2580,8,5
2280,17,34
2220,5,10
2340,16,22
2760,8,6
2820,17,30
3540,15,5
2160,15,20
1680,0,6
2100,21,7
1500,0,18
3360,19,6
2640,10,8
1860,15,11
2040,3,4
3060,16,16
2580,15,7
1440,0,17
2160,20,12
1860,2,8
2460,16,19
2280,22,4
1740,1,9
3780,18,6
3300,16,16
2340,17,34
3480,18,9
2940,16,14
2580,18,22
3120,19,10
3000,19,14
3240,20,13
1860,22,3
3540,21,3
1020,13,3
2160,22,4
2700,21,7
3780,19,3
3360,16,5
2760,13,8
2640,12,5
3120,16,9
2760,20,9
2460,11,8
2100,2,3
3420,17,9
3000,17,18
3300,21,7
2940,20,9
2820,16,9
3180,20,7
1560,20,9
3480,20,9
3180,19,7
3420,16,7
2880,15,6
3240,19,5
3420,15,3
3300,20,6
3060,19,15
2340,20,5
3660,19,3
2940,15,5
3660,18,7
3480,19,8
2940,1,3
1430,3,6
604,5,3
1249,11,3