"trip_time_in_secs","trip_distance","count"
707,0,186
123,0,80
459,0,302
477,0,283
768,0,138
507,0,266
210,0,210
1136,0,40
418,0,267
945,5,23
970,0,86
1258,5,23
1076,0,62
181,0,161
4,0,61
193,0,190
647,0,187
150,0,141
104,0,77
310,0,250
936,0,74
940,0,88
467,0,269
889,0,97
542,0,216
496,0,251
594,0,217
435,0,300
256,0,266
508,0,282
216,0,212
154,0,160
12,0,32
254,0,249
194,0,205
584,0,202
274,0,277
247,0,257
231,0,221
223,0,235
275,0,293
323,0,274
183,0,184
257,0,290
412,0,284
762,5,10
269,0,272
100,0,57
779,0,133
895,5,14
563,0,223
74,0,42
316,0,268
160,0,155
252,0,274
377,0,290
197,0,182
588,0,243
437,0,281
240,0,13993
446,0,250
261,0,265
364,0,268
668,0,190
326,0,277
427,0,295
436,0,287
220,0,204
306,0,257
203,0,210
195,0,191
213,0,237
321,0,277
259,0,278
793,5,6
376,0,275
380,0,285
263,0,258
580,0,221
289,0,247
293,0,263
757,0,139
570,0,228
388,0,280
157,0,148
685,5,14
305,0,255
375,0,262
504,0,256
473,0,290
490,0,260
101,0,71
127,0,117
692,0,173
322,0,274
255,0,230
335,0,272
468,0,321
173,0,169
635,0,183
329,0,287
466,0,257
573,0,233
118,0,86
455,0,266
648,0,194
318,0,294
532,0,217
593,0,248
272,0,242
387,0,283
627,0,208
394,0,262
337,0,266
273,0,266
415,0,260
543,0,205
363,0,298
236,0,220
512,0,271
248,0,248
294,0,255
373,0,275
664,0,214
347,0,272
308,0,264
393,0,264
389,0,281
242,0,231
423,0,285
297,0,262
341,0,252
461,0,273
511,0,261
234,0,230
352,0,282
826,5,7
314,0,274
169,0,194
244,0,215
382,0,285
338,0,289
344,0,284
421,0,271
290,0,271
392,0,263
222,0,211
266,0,253
381,0,262
682,0,170
449,0,255
425,0,301
488,0,247
569,0,230
487,0,270
431,0,245
336,0,266
424,0,306
362,0,319
413,0,282
491,0,263
245,0,271
386,0,298
493,0,268
457,0,274
243,0,247
557,0,238
603,0,205
251,0,255
581,0,248
200,0,215
397,0,283
430,0,261
796,5,15
402,0,313
671,0,201
636,0,181
420,0,16564
767,5,9
497,0,269
428,0,249
262,0,254
742,0,156
608,0,201
598,0,219
615,0,199
292,0,279
166,0,161
494,0,257
217,0,240
271,0,252
609,0,210
295,0,250
230,0,224
419,0,282
447,0,274
474,0,254
605,0,224
458,0,314
116,0,88
315,0,271
185,0,190
516,0,256
198,0,212
317,0,299
202,0,220
276,0,278
433,0,249
440,0,301
354,0,275
754,0,153
476,0,265
410,0,278
642,0,198
492,0,268
824,0,127
232,0,234
514,0,220
228,0,261
539,0,249
772,0,131
131,0,108
396,0,282
776,0,157
201,0,190
536,0,242
731,0,150
303,0,289
302,0,268
342,0,301
454,0,253
191,0,178
417,0,303
518,0,238
541,0,235
480,0,16089
405,0,260
378,0,250
369,0,292
602,0,218
399,0,257
49,0,27
502,0,274
214,0,230
576,0,234
411,0,264
553,0,260
521,0,263
304,0,278
211,0,214
575,0,242
138,0,105
225,0,215
983,5,16
192,0,183
1426,5,12
349,0,286
624,0,203
546,0,240
367,0,277
618,0,194
617,0,205
680,0,181
348,0,289
788,0,160
1105,5,26
697,0,179
284,0,306
334,0,287
188,0,210
110,0,72
875,0,106
1032,0,68
565,0,227
285,0,244
1526,5,7
226,0,249
928,0,95
987,5,14
117,0,112
339,0,293
403,0,290
965,5,15
1500,15,134
548,0,248
1432,5,20
899,5,17
1065,0,58
1401,0,19
846,0,107
841,0,113
471,0,239
1326,0,17
583,0,240
892,5,9
913,0,78
887,0,104
535,0,245
802,0,137
1194,5,16
1288,5,17
862,0,111
1004,0,75
1304,5,14
1259,5,19
309,0,269
878,0,111
925,5,21
1227,10,6
830,0,123
1033,5,19
927,0,92
1197,0,34
916,5,21
832,5,12
992,5,11
884,0,100
971,5,18
1627,0,4
398,0,287
1018,0,68
1143,0,38
1316,0,23
1818,5,6
307,0,280
1255,0,16
470,0,261
451,0,279
658,0,184
1349,0,24
572,0,201
1038,5,27
620,0,192
346,0,289
1536,5,11
441,0,283
299,0,307
443,0,291
687,5,12
328,0,308
1289,5,16
841,5,11
239,0,230
499,0,264
453,0,256
313,0,268
475,0,239
288,0,268
175,0,172
176,0,182
823,0,139
811,0,137
170,0,165
450,0,258
448,0,265
390,0,262
904,5,23
438,0,286
522,0,258
515,0,271
366,0,289
395,0,259
689,0,158
730,0,176
695,0,182
106,0,67
407,0,265
500,0,283
760,0,155
206,0,188
445,0,257
489,0,250
365,0,267
552,0,256
109,0,77
357,0,292
196,0,190
186,0,163
379,0,302
340,0,278
224,0,217
250,0,248
209,0,202
619,0,234
429,0,290
146,0,127
148,0,113
556,0,244
277,0,283
371,0,259
1453,0,9
486,0,283
1048,5,23
651,0,194
665,0,191
973,0,82
628,0,217
46,0,22
996,0,62
872,0,116
1166,5,12
1860,0,112
659,0,197
1271,5,18
883,5,23
812,0,129
268,0,246
503,0,282
452,0,283
189,0,191
1129,0,37
34,0,25
715,0,194
132,0,116
629,0,202
283,0,270
790,0,140
519,0,237
530,0,233
577,0,220
815,0,131
981,0,82
120,0,5327
1097,5,18
600,0,13281
1461,0,16
703,0,152
1315,5,27
601,0,213
634,0,197
524,0,247
481,0,259
650,0,216
353,0,271
833,0,133
1296,5,19
464,0,290
871,5,17
677,0,201
1745,5,5
1187,5,10
422,0,294
1857,5,5
1318,0,20
980,0,82
945,0,103
401,0,263
286,0,246
147,0,136
331,0,277
940,5,19
207,0,225
899,0,99
721,0,162
478,0,271
114,0,87
296,0,273
409,0,242
652,0,170
426,0,253
555,0,219
332,0,252
587,0,250
372,0,270
1022,5,28
172,0,149
128,0,91
416,0,255
156,0,161
735,0,178
585,0,230
558,0,240
360,0,16727
184,0,185
311,0,270
2,0,65
325,0,281
233,0,232
469,0,258
495,0,243
505,0,267
253,0,261
36,0,24
41,0,21
345,0,289
139,0,138
538,0,233
531,0,223
212,0,201
578,0,244
656,0,189
498,0,273
460,0,264
852,0,111
545,0,231
400,0,276
746,0,152
923,5,23
281,0,253
879,0,100
792,0,132
1276,5,13
663,0,170
135,0,121
801,0,128
298,0,251
657,0,187
523,0,241
763,0,142
842,5,14
484,0,261
320,0,293
358,0,255
356,0,282
616,0,193
472,0,256
596,0,234
145,0,125
163,0,148
151,0,149
260,0,244
280,0,286
586,0,221
218,0,226
933,0,90
562,0,238
204,0,221
595,0,194
597,0,221
838,0,125
525,0,264
795,0,130
566,0,225
219,0,217
63,0,45
434,0,278
723,0,177
479,0,274
579,0,231
137,0,131
384,0,266
102,0,71
432,0,259
278,0,263
944,5,14
513,0,247
330,0,267
300,0,16129
227,0,209
237,0,224
762,0,153
235,0,258
970,5,15
655,0,204
750,0,167
672,0,197
249,0,239
456,0,283
737,0,137
406,0,266
506,0,258
942,0,104
743,0,172
843,5,18
1019,5,28
1108,5,17
674,0,179
301,0,297
1116,0,49
719,0,169
756,5,8
1285,5,21
869,5,21
537,0,233
622,0,227
847,0,130
817,0,133
863,0,124
849,5,17
675,0,183
898,0,92
501,0,252
844,5,24
770,5,14
732,0,148
1402,5,17
1556,5,7
143,0,155
1181,0,35
1770,5,6
1218,10,7
895,0,108
712,0,142
859,0,119
1059,0,55
1243,5,15
704,0,158
819,0,127
654,0,214
324,0,267
947,0,90
1049,0,56
567,0,226
559,0,235
825,0,125
687,0,169
568,0,230
612,0,212
152,0,163
327,0,301
681,0,186
700,0,165
1195,5,16
129,0,102
547,0,240
761,0,143
867,5,18
279,0,263
678,0,180
1823,5,7
666,0,198
748,5,12
705,0,185
640,0,189
229,0,225
679,0,193
821,0,134
533,0,231
1032,5,21
959,0,74
756,0,172
205,0,164
527,0,260
684,0,183
702,0,160
264,0,263
1456,0,14
408,0,289
1147,0,53
1015,0,72
1094,5,21
526,0,250
1107,5,18
688,0,191
941,0,94
1741,5,9
520,0,288
876,5,10
404,0,284
370,0,309
81,0,43
808,0,141
1042,5,17
463,0,293
167,0,168
1168,0,35
312,0,253
644,0,200
781,0,166
115,0,87
122,0,114
590,0,204
626,0,202
1008,0,75
1419,0,16
571,0,243
1108,0,48
1064,0,59
625,0,202
835,0,94
613,0,202
982,5,20
361,0,277
873,5,16
816,5,21
1358,5,19
1123,5,26
784,5,13
444,0,301
770,0,165
1026,5,14
385,0,268
133,0,122
1239,0,35
968,5,19
769,0,142
47,0,22
1109,5,27
686,0,187
528,0,237
885,0,117
1100,5,22
155,0,126
998,5,23
179,0,162
798,0,154
778,0,139
1633,5,6
1154,5,25
1543,5,10
1154,0,40
900,0,6162
1142,10,8
632,0,209
1157,5,15
1210,5,21
1345,5,13
98,0,69
182,0,173
733,0,172
821,5,7
667,0,189
1482,15,5
670,0,180
1494,5,8
950,0,84
265,0,247
995,0,81
1752,5,15
953,0,84
1074,0,46
890,0,114
1067,5,15
965,0,82
1408,5,18
333,0,271
1306,10,7
1185,0,41
1244,5,15
706,0,154
1420,15,3
834,0,117
718,0,190
383,0,277
922,5,15
1489,5,17
1526,0,9
908,0,102
1251,5,19
711,0,166
483,0,270
947,5,24
651,5,7
856,5,18
549,0,241
907,0,111
1141,5,25
258,0,274
534,0,247
1118,5,23
937,5,21
1281,5,20
701,0,181
1214,5,22
1341,0,20
906,5,22
637,0,196
1209,5,18
1520,5,8
814,5,15
1035,5,17
611,0,219
1418,5,18
1780,15,6
1766,5,7
1220,0,33
1443,0,13
1298,0,26
1137,5,24
958,0,79
787,0,144
1488,5,11
948,0,91
1501,5,16
1270,5,17
1355,5,22
766,0,185
813,0,135
1698,5,6
988,5,27
728,0,178
967,5,19
810,0,103
1845,5,7
1442,5,17
972,5,19
1160,5,11
868,0,95
1443,5,19
774,5,11
1099,10,3
1466,10,9
1168,5,25
1061,0,55
368,0,287
560,0,241
886,0,111
1562,0,10
1158,0,42
1269,0,26
1191,5,21
829,0,134
896,5,11
1053,5,33
561,0,219
625,5,5
462,0,282
818,0,143
592,0,201
126,0,105
215,0,213
744,0,158
1054,5,18
956,0,80
1396,0,14
1490,10,9
591,0,228
922,0,81
912,0,92
775,0,140
759,0,149
856,0,105
764,0,155
691,0,181
282,0,269
238,0,205
1846,15,3
867,0,123
610,0,212
1757,5,3
482,0,249
208,0,246
724,5,14
287,0,270
119,0,85
710,0,164
187,0,160
465,0,255
23,0,25
709,0,150
551,0,240
68,0,31
1722,5,11
439,0,290
662,0,177
994,5,21
954,0,87
690,0,174
783,0,153
121,0,103
355,0,268
113,0,90
747,0,172
130,0,105
961,0,79
174,0,169
564,0,205
836,0,124
696,0,208
832,0,131
510,0,265
740,0,168
793,0,156
891,0,87
359,0,298
797,0,143
639,0,194
978,5,8
1679,5,6
646,0,200
693,0,176
745,0,163
857,0,110
291,0,260
994,0,64
1283,0,32
351,0,291
631,0,232
641,0,191
864,5,28
1002,0,82
246,0,225
918,5,22
893,0,90
921,0,82
946,5,29
850,0,103
1554,5,6
374,0,271
946,0,88
1546,5,13
853,0,117
866,5,20
599,0,230
840,0,7508
1498,5,13
1693,5,7
708,0,174
914,5,29
869,0,118
949,0,72
926,0,89
582,0,209
916,0,91
917,0,100
442,0,288
948,5,22
977,0,74
998,0,73
1063,0,59
858,0,131
1060,0,54
748,0,168
111,0,82
141,0,139
837,0,118
956,5,20
773,0,152
62,0,19
935,0,86
1437,5,11
70,0,36
621,0,210
683,0,169
786,0,133
771,0,154
881,0,102
1038,0,77
975,0,86
876,0,120
1005,5,25
794,0,129
1836,5,5
554,0,242
1712,5,8
861,0,96
939,0,113
1475,0,8
1566,5,13
1794,5,11
1496,10,8
937,0,70
729,0,150
517,0,235
1297,5,24
1067,0,45
643,0,220
1124,0,42
1022,0,47
997,5,19
574,0,228
1025,0,79
725,0,145
1327,5,20
1075,0,63
972,0,75
812,5,13
1213,0,31
1903,5,3
1560,15,134
95,0,54
1209,0,32
1184,0,39
1237,0,18
1119,0,41
171,0,169
1553,5,13
1167,5,27
1263,5,17
35,0,20
1300,5,14
1398,0,16
606,0,208
1246,5,16
1262,5,16
758,0,158
1092,0,48
544,0,227
1729,5,9
661,0,186
159,0,160
1078,0,51
77,0,53
807,0,125
780,0,8950
932,0,84
149,0,118
1177,5,13
168,0,162
177,0,184
930,5,15
694,0,168
713,0,161
529,0,249
742,5,9
1185,5,11
988,0,91
1105,0,44
660,0,11804
752,0,164
1281,0,28
921,5,22
1186,0,28
140,0,124
89,0,60
755,0,160
589,0,184
1150,0,38
752,5,8
1149,0,35
1111,5,13
97,0,71
1343,0,18
350,0,309
794,5,13
1187,0,42
1092,5,23
144,0,120
1196,5,19
1282,10,3
1178,5,15
1219,5,16
882,0,100
1561,5,11
791,0,146
633,0,206
958,5,20
1081,0,63
1013,0,73
653,0,220
915,0,83
991,5,15
1334,0,16
1211,0,29
991,0,66
1373,0,18
1066,5,23
1420,0,8
864,0,92
1055,0,50
1060,5,21
1380,0,1005
1019,0,66
848,0,107
1464,5,9
1365,0,19
1001,0,74
877,0,112
911,0,111
1114,5,28
698,0,174
1275,0,38
1272,0,26
1772,15,8
1260,5,1133
1513,10,8
976,0,57
1504,0,14
1110,0,44
78,0,37
1057,0,72
1554,10,7
1519,10,6
1450,10,7
1387,0,19
1144,5,24
1251,0,43
1338,0,12
714,0,173
270,0,261
1091,5,17
1364,0,19
1354,0,28
1089,0,46
1137,0,45
1180,5,15
1331,0,17
842,0,131
984,0,86
826,0,136
162,0,177
1021,0,68
724,0,167
992,0,71
727,0,172
1028,0,79
964,0,69
1095,0,69
851,0,139
630,0,216
720,0,10372
960,0,5162
854,0,119
485,0,269
836,5,14
894,0,107
805,0,126
1082,0,62
142,0,143
830,5,15
1427,0,14
1436,0,14
1904,10,4
623,0,221
1014,5,17
319,0,267
786,5,11
943,0,88
1012,0,89
966,0,82
738,0,154
676,0,160
1285,0,26
924,0,88
800,5,15
1112,0,60
892,0,97
751,0,164
699,0,181
1284,0,19
1321,5,19
901,0,104
190,0,169
1002,5,24
1245,0,41
1045,0,62
720,5,449
1451,5,19
178,0,163
740,5,6
782,0,126
509,0,244
852,5,12
904,0,106
1048,0,62
1134,0,45
649,0,176
1225,0,35
827,0,116
1121,0,52
1034,0,53
1087,0,45
963,0,81
540,0,14869
1113,0,46
1170,0,37
951,0,105
957,0,88
1029,0,57
717,0,168
1762,5,8
1266,0,29
1243,0,26
1390,0,18
1068,0,55
614,0,212
999,0,85
919,0,93
1167,0,34
1176,5,24
1256,0,30
134,0,96
1217,0,24
1622,10,3
918,0,85
1404,0,14
749,0,123
1265,5,16
1058,0,64
1374,5,14
1155,0,38
1319,5,21
638,0,195
966,5,15
161,0,145
711,5,13
1190,0,40
1529,5,11
1269,5,17
1913,5,8
1113,5,17
962,5,24
810,5,11
1718,5,6
1357,0,18
1332,5,19
1213,5,19
831,5,15
1347,5,14
767,0,150
343,0,277
1591,5,11
1077,0,60
1122,5,19
920,0,92
1386,5,19
112,0,95
125,0,108
669,0,156
898,5,17
716,0,186
391,0,254
1114,0,54
164,0,146
685,0,176
1747,5,7
1656,5,10
704,5,11
88,0,55
1486,5,8
914,0,103
1161,0,30
1041,5,9
774,0,132
1586,5,13
1176,0,39
1201,5,17
1430,10,9
1156,0,45
870,5,16
1280,0,16
1193,0,36
1422,0,5
1509,0,13
843,0,130
1141,0,44
1103,0,42
923,0,89
1560,5,551
1453,5,6
1012,5,18
1043,0,60
873,0,117
241,0,212
136,0,108
1542,0,4
1020,5,1213
1628,5,11
1308,0,25
1405,5,8
753,0,166
982,0,70
1090,0,54
1320,0,1305
1099,0,43
91,0,66
1592,5,5
1424,0,14
985,0,84
1226,0,32
839,0,130
1309,0,18
897,0,93
1027,5,20
825,5,16
741,0,158
1199,0,40
1069,0,39
1102,0,57
785,5,9
930,0,92
983,0,74
974,0,76
1229,0,34
886,5,13
1003,0,50
1026,0,58
739,0,168
1608,0,12
955,0,94
883,0,129
1411,10,5
1132,0,40
1505,5,13
765,0,141
800,0,145
550,0,245
1099,5,15
1162,0,33
855,0,102
964,5,21
1017,0,67
877,5,21
1240,0,27
866,0,113
1452,5,16
199,0,206
1148,0,42
1278,0,22
906,0,107
1131,5,21
1153,5,23
1218,0,36
803,0,150
1220,5,20
667,5,8
1083,5,18
766,5,15
604,0,194
673,0,177
1274,0,28
845,0,121
952,0,80
1731,0,7
1496,5,6
1133,5,34
1872,5,6
1151,5,24
931,5,13
39,0,18
1072,5,15
928,5,22
1006,0,75
1127,5,22
796,0,124
917,5,16
934,5,22
644,5,11
814,0,117
1047,5,21
1193,5,15
789,0,139
1224,5,17
1065,5,15
1189,5,16
1025,5,19
1096,0,53
885,5,11
929,0,92
799,0,135
1128,0,44
1205,0,47
1340,10,7
807,5,10
1010,0,73
818,5,17
989,0,85
870,0,104
1009,0,65
990,5,24
158,0,149
896,0,86
1218,5,20
1093,0,42
1126,0,47
1188,0,35
221,0,201
871,0,125
1041,0,52
1046,0,71
1106,0,43
30,0,15
844,0,113
934,0,85
1051,0,59
846,5,23
726,0,158
1054,0,58
94,0,63
828,0,111
1198,0,36
990,0,76
1194,0,43
1342,0,21
1192,0,41
784,0,139
105,0,74
1164,0,40
1273,0,27
28,0,18
1009,5,23
1195,0,33
1318,5,21
2154,5,5
1023,0,69
1503,0,10
979,0,67
1616,0,7
806,0,144
1522,5,6
1339,0,16
1334,5,21
1522,0,11
1398,5,9
1027,0,62
686,5,3
1097,0,47
1670,5,5
1358,0,18
872,5,16
1394,15,3
1571,5,5
645,0,220
1047,0,64
1599,5,10
1474,5,8
1030,0,63
1371,0,19
791,5,15
1413,5,14
1731,5,6
1575,5,8
1329,0,21
1223,0,35
1152,0,34
675,5,3
1894,5,6
1221,0,24
1301,0,22
1587,5,12
99,0,67
27,0,26
1102,5,17
1604,5,7
936,5,15
1094,0,46
1654,10,8
1125,0,49
124,0,115
1117,0,44
903,0,97
1036,0,56
1182,5,19
1250,0,30
995,5,21
927,5,17
1215,5,13
1136,5,33
1162,5,18
1435,0,15
1000,0,82
978,0,77
1252,0,29
1143,5,21
1310,5,15
1039,5,17
1232,0,34
1034,5,24
746,5,12
636,5,8
1293,0,20
672,5,5
1202,0,31
1031,0,66
1518,5,9
1207,0,37
919,5,16
1175,5,20
1624,5,11
1303,0,22
722,0,158
1366,0,13
1171,5,18
1322,5,18
1466,5,15
1367,5,16
1412,0,16
1441,0,19
1115,0,49
1230,0,24
1653,5,11
1071,0,48
1011,0,74
1444,0,11
1660,10,3
1064,5,18
1271,0,18
1172,5,22
1088,0,49
952,5,22
1178,0,31
1377,0,22
1208,0,26
1236,0,36
1052,0,62
1046,5,27
1305,0,20
1107,0,53
772,5,7
1144,0,50
1313,0,30
1166,0,36
1127,0,34
1005,0,74
944,0,91
862,5,16
1123,0,36
734,0,144
1039,0,60
1436,5,20
1133,0,41
1227,5,25
962,0,77
1098,0,48
1267,5,21
1084,5,21
1084,0,69
1446,0,19
1261,0,25
1142,0,50
753,5,10
902,0,84
986,0,77
929,5,25
777,0,146
1253,5,18
915,5,18
1189,0,35
815,5,9
1204,0,40
1302,0,17
1289,0,24
1003,5,17
1055,5,26
180,0,10108
874,0,121
1421,0,14
1206,0,26
909,0,88
1033,0,68
1317,0,22
44,0,23
1159,0,37
1151,0,54
1130,0,52
890,5,24
1093,5,21
1647,0,8
16,0,21
1235,5,12
1246,0,25
1200,0,2153
1545,0,11
1261,5,10
1180,0,38
1125,5,22
1024,0,76
1230,5,15
1079,0,55
831,0,114
1287,0,22
712,5,9
1238,0,35
14,0,26
1053,0,77
1234,5,23
607,0,209
267,0,251
1204,5,26
664,5,3
950,5,23
1336,5,14
103,0,74
803,5,14
771,5,10
1063,5,17
1044,0,58
834,5,13
905,0,90
1037,0,59
1040,0,79
1268,0,31
1496,0,14
1169,0,32
1353,0,19
1381,5,15
907,5,18
809,0,141
884,5,11
1147,5,33
96,0,68
1380,5,887
1299,0,21
1528,5,10
849,0,100
1101,0,58
820,0,120
804,0,122
1723,5,9
1299,5,17
1020,0,4365
971,0,77
1323,15,5
1014,0,75
1069,5,18
1337,5,14
1087,5,29
1059,5,19
1725,5,6
1028,5,22
925,0,95
1268,5,14
1200,5,1188
931,0,89
2460,5,32
20,0,19
968,0,83
1179,5,22
2035,15,4
93,0,63
1324,5,21
1264,0,35
414,0,275
822,0,114
993,0,78
727,5,11
1,0,35
953,5,19
640,5,8
1265,0,35
1090,10,5
19,0,13
42,0,24
1418,0,11
1222,0,34
1174,0,33
1118,0,50
785,0,135
1551,0,12
920,5,17
1215,0,27
816,0,112
1057,5,30
1122,0,43
107,0,65
1260,0,1713
1080,0,3342
888,0,98
1409,10,7
1777,5,6
773,5,13
850,5,14
1667,0,9
83,0,48
1018,5,17
5,0,40
1128,5,23
1055,10,3
1023,5,20
1449,0,18
1158,5,27
1165,5,18
1297,0,22
865,0,109
1072,0,50
1326,5,19
1152,5,15
1214,0,31
744,5,12
1405,0,15
1344,5,19
1312,0,27
1526,15,3
1306,0,23
45,0,31
1112,5,23
1459,5,9
805,5,10
833,5,16
1050,0,63
1169,5,16
1775,5,6
1130,5,25
894,5,18
1668,0,8
86,0,48
1097,10,4
777,5,9
1312,5,13
1593,0,6
802,5,10
1787,0,7
868,5,11
1782,5,6
1691,0,5
1139,5,19
969,0,83
1277,0,24
1073,5,20
69,0,34
1016,0,63
889,5,14
1083,0,51
15,0,25
750,5,10
1245,10,3
1586,15,6
804,5,13
1160,0,38
1146,5,19
65,0,34
1486,10,3
1328,0,18
1747,0,12
1197,5,20
1070,0,51
1177,0,32
1558,10,6
887,5,14
955,5,20
974,5,15
1368,0,18
1056,5,22
1467,5,16
2098,10,3
938,0,87
1416,0,12
1482,10,5
708,5,13
1348,0,18
736,0,182
165,0,182
987,0,78
1878,5,7
1777,15,7
1157,0,44
1138,0,42
1300,0,25
985,5,22
1156,5,20
1288,0,20
1869,10,6
52,0,26
1385,0,16
1739,10,5
782,5,16
1587,0,8
910,5,25
1309,10,4
980,5,16
1224,0,23
1771,5,8
1216,0,24
1145,0,57
1073,0,46
893,5,15
1247,0,30
909,5,15
1270,0,33
1061,5,23
1291,0,25
1347,0,25
997,0,81
1175,0,40
1388,0,25
1263,0,34
1383,0,13
1111,0,53
1534,0,6
1375,0,16
1117,5,21
1292,0,24
1391,10,7
1304,0,32
1516,5,18
939,5,21
1244,0,29
1438,10,12
153,0,137
1066,0,41
1001,5,16
1255,5,27
3,0,59
1401,10,10
1135,0,37
1199,5,24
1549,10,6
1272,5,13
938,5,25
701,5,6
1400,5,11
1294,5,21
729,5,7
1345,0,14
1370,0,16
1164,5,13
847,5,21
1392,5,18
1007,0,77
1337,0,29
1163,0,30
690,5,8
860,0,101
108,0,71
1085,0,56
910,0,85
1400,0,11
967,0,80
43,0,30
1153,0,44
1165,0,31
1459,0,13
1290,0,23
1120,5,13
1980,5,163
1043,5,9
1482,0,9
1663,0,7
1332,0,15
1042,0,65
1148,5,17
1286,0,29
1604,0,9
1610,5,9
1501,10,6
1740,0,190
1324,0,25
1017,10,8
1319,0,19
1750,5,7
1006,5,21
1079,5,14
1228,0,24
1539,5,7
1187,10,8
857,5,10
1588,10,5
1480,0,8
1822,10,7
1552,10,10
56,0,13
1672,10,4
1397,5,22
1449,10,3
1235,0,29
1762,10,5
775,5,14
1058,5,21
1414,0,16
1469,5,9
79,0,47
50,0,17
54,0,25
87,0,61
11,0,21
765,5,12
1356,10,7
1390,5,16
1191,0,39
1601,5,8
1203,5,20
1409,0,17
1351,0,16
1331,5,17
1446,5,14
1126,5,19
1437,0,11
718,5,6
1336,10,8
1963,5,9
761,5,11
828,5,11
1007,5,12
1439,5,11
1425,0,10
682,5,11
1184,5,26
1355,10,7
1396,10,9
1045,5,20
1335,0,18
1689,10,8
1145,5,23
1276,0,28
645,5,4
1241,5,17
1315,0,18
897,5,12
1340,0,27
960,5,1161
1231,5,20
1434,0,19
1314,0,22
1228,5,16
1295,5,19
1428,5,13
635,5,3
1367,0,16
1196,0,33
1278,5,25
1131,0,42
1004,5,16
1548,5,12
1110,5,24
1396,5,15
1249,0,23
1008,5,21
1149,10,3
1212,5,13
676,5,4
749,5,6
709,5,5
942,5,16
859,5,11
1492,0,10
999,5,28
1015,5,24
1570,5,10
1373,5,14
1362,0,24
2193,5,3
790,5,12
1256,5,16
979,5,14
1140,0,2832
1303,10,4
733,5,18
1258,0,33
1082,5,20
993,5,17
1559,5,11
1350,0,8
1915,10,6
1249,5,14
1644,5,8
1375,5,10
1146,0,48
1562,5,13
1242,0,33
1642,5,6
1307,10,3
1233,0,32
1035,0,46
1056,0,72
1248,5,20
1050,5,22
1440,5,788
1906,5,4
1062,5,25
1346,0,15
1037,5,20
926,5,18
1343,5,17
1596,5,9
1784,5,7
1253,0,23
1412,5,17
1457,10,5
1760,5,4
783,5,14
827,5,15
1730,10,4
1827,10,3
1237,5,16
1200,10,228
1232,5,19
1103,5,14
880,0,100
1628,10,5
1494,0,16
1327,0,23
1735,5,6
1382,0,21
1447,0,17
1088,5,22
957,5,17
1221,5,17
1201,0,19
64,0,19
1593,5,9
1493,10,10
1329,5,12
1105,10,4
1036,5,27
1441,5,15
1660,0,15
1307,5,16
908,5,21
1250,5,17
1017,5,21
840,5,882
1435,5,17
1288,10,8
1279,5,12
1071,5,23
1081,5,20
1494,10,5
754,5,7
1183,5,20
1445,0,8
1011,5,26
1370,5,17
735,5,9
975,10,3
48,0,9
1316,5,12
85,0,61
1697,10,7
1571,0,7
1513,0,11
92,0,52
1560,0,462
1183,0,38
1600,0,11
1487,0,11
1567,0,5
1336,0,23
1383,5,19
1104,0,40
1552,0,6
1631,10,4
1639,0,3
1563,10,4
1488,0,10
1399,5,13
1044,5,17
1325,0,18
977,5,21
1606,0,14
975,5,18
1411,0,18
1968,5,5
1211,5,23
1428,0,10
1630,5,7
1780,0,3
1714,10,7
1216,5,26
1470,10,8
1321,0,18
1671,5,11
1578,5,15
1701,5,6
1463,5,15
1717,0,3
1896,5,7
989,5,28
1408,0,18
1485,0,14
1497,0,6
1686,5,7
1531,0,13
1205,10,6
1417,5,15
613,5,3
819,5,14
1553,0,9
1381,0,12
1176,10,3
1577,5,11
1378,0,19
1714,5,6
1077,5,17
1376,0,17
1417,10,6
1171,0,44
1417,0,12
1533,0,12
697,5,7
1198,5,16
1826,5,6
1313,5,12
1501,0,12
1266,5,15
1296,0,17
1458,5,9
1257,0,37
963,5,18
1335,5,8
1438,0,10
1321,10,4
1423,5,12
1323,5,13
1294,0,14
1481,0,6
1525,0,9
1274,5,27
1462,0,9
1505,0,11
1629,5,8
797,5,20
1932,5,6
1575,10,4
1584,5,10
853,5,17
1365,5,16
1392,0,13
781,5,16
1768,0,10
1594,5,10
1406,0,8
954,5,20
1328,5,14
941,5,15
1641,0,12
1421,5,14
1855,5,7
1429,5,8
1523,5,18
780,5,644
1473,5,16
1685,10,7
1605,10,6
1086,0,49
1483,0,14
1605,0,7
1352,5,14
760,5,11
1374,0,20
1535,5,19
951,5,17
1291,5,24
1161,5,20
1405,10,6
1361,0,17
1565,10,7
1515,0,11
1695,15,5
1472,0,15
1826,10,8
1062,0,50
1445,5,11
1463,0,18
633,5,8
1613,5,8
1311,0,22
1399,0,18
1547,5,16
1555,5,12
1455,10,5
1106,5,17
1359,0,24
82,0,44
1311,5,18
1498,0,7
881,5,20
1506,0,11
1731,10,4
1581,0,8
743,5,9
1427,5,14
1851,10,6
1406,5,18
61,0,33
973,5,21
1139,0,37
1310,0,20
1788,10,3
57,0,25
1391,0,13
1508,0,7
1223,5,15
1363,0,11
1342,5,16
1330,0,23
1580,5,9
737,5,9
51,0,20
1142,5,28
1512,5,14
1316,10,10
1212,0,37
1525,5,6
1024,5,26
1456,5,13
1371,5,16
1335,10,7
1419,5,11
1449,5,10
60,0,1887
1540,10,5
808,5,18
72,0,25
1588,5,10
1172,0,40
1468,0,13
1470,0,15
1502,0,7
1361,5,12
1770,10,8
1538,5,14
2028,5,5
1577,0,5
1590,10,6
1295,0,20
1546,0,15
1262,10,5
1877,10,9
1182,0,37
1075,5,29
1393,5,20
1888,5,5
1424,5,13
880,5,17
1460,0,9
1300,10,6
1503,5,8
949,5,23
1574,5,5
757,5,13
1121,5,22
1186,5,19
1349,5,22
1497,10,10
80,0,51
1252,5,12
1238,5,18
1440,0,811
73,0,40
1477,0,5
71,0,28
792,5,10
1464,10,4
1360,5,10
84,0,51
1297,10,4
1602,5,16
13,0,25
879,5,24
1338,10,6
1155,5,15
1267,0,18
1537,0,9
1653,10,10
1465,0,16
1699,5,11
798,5,10
1040,5,20
1681,5,7
1524,0,8
1514,5,7
1577,10,8
1881,5,5
1366,5,25
1226,5,19
1376,10,7
1219,0,30
1706,10,6
1484,5,18
1070,5,22
1068,5,24
1010,5,15
37,0,14
59,0,36
58,0,24
1227,0,34
1665,15,8
0,0,978
681,5,4
1447,5,17
1600,5,10
1382,5,17
1173,5,27
839,5,10
882,5,17
1499,5,17
1368,5,15
1279,0,17
9,0,32
1562,10,7
1356,0,15
1404,5,12
1342,10,10
1614,0,10
1282,0,12
1690,5,8
1664,5,5
1389,0,14
1323,0,28
721,5,3
668,5,8
1444,10,5
1540,5,11
32,0,18
1897,10,8
1684,0,4
1254,5,21
1305,5,13
1432,0,11
1030,5,24
1835,5,4
660,5,315
1406,10,11
1391,5,10
1409,5,19
863,5,14
1338,5,24
1268,10,9
732,5,9
1672,5,6
822,5,12
1132,5,27
759,5,11
1542,10,7
1512,0,8
1231,0,28
1236,5,18
1149,5,24
943,5,22
1277,5,22
1397,0,21
1273,5,13
1643,5,3
1301,5,23
1680,0,241
1134,5,11
1605,5,7
1538,10,11
875,5,15
1202,5,18
801,5,10
1179,0,30
1663,5,3
1476,0,7
1658,10,7
659,5,6
1506,5,8
1930,5,4
824,5,14
1135,5,18
1159,5,21
1511,10,8
1457,5,7
1524,10,6
1120,0,41
29,0,23
1426,0,12
1471,10,6
1589,5,10
1407,0,22
1170,5,23
1603,5,4
1442,0,16
1420,5,7
932,5,15
1952,5,5
2105,5,9
858,5,18
1104,5,25
1471,0,20
1558,5,9
1632,5,16
1708,5,6
751,5,10
1490,5,6
1270,10,8
1401,5,16
1085,5,28
1964,10,5
1640,0,7
1423,10,13
1599,10,5
878,5,11
903,5,14
1303,5,10
1230,10,4
1942,5,7
1455,0,15
1295,10,8
1354,5,14
1575,0,8
705,5,9
874,5,13
1642,0,3
1515,5,10
1567,15,6
1352,0,15
764,5,13
1395,0,18
1428,10,7
1470,5,4
1452,0,12
1372,5,20
1100,0,48
1410,10,6
1877,5,7
21,0,11
1386,0,15
838,5,16
1293,5,20
1794,0,4
1534,5,9
984,5,23
1811,5,5
1468,5,11
1160,10,6
1222,5,16
1590,0,8
1638,0,7
1920,5,199
996,5,27
1287,5,27
728,5,7
1481,5,8
1114,10,3
1225,5,16
2040,5,136
1151,10,5
680,5,6
1429,0,10
2082,5,3
1453,10,3
1377,5,8
1078,5,16
1739,15,3
1240,5,23
1374,10,9
1076,5,28
1320,10,301
1563,5,8
1333,0,25
1173,0,38
725,5,6
1852,10,6
900,5,971
1467,0,10
1971,10,4
1500,0,606
1389,5,16
788,5,11
1140,10,191
1487,5,9
1264,5,14
1694,0,4
1504,10,3
1565,5,6
22,0,12
1384,0,20
778,5,9
981,5,26
1233,5,17
1181,5,24
1091,0,63
2100,10,136
1463,10,5
1433,5,10
1284,5,14
1208,5,16
1013,5,10
986,5,25
700,5,5
905,5,21
1053,10,3
1393,0,16
1416,5,13
1797,10,5
851,5,18
2271,15,3
823,5,11
1363,5,16
1678,5,4
1700,5,8
1254,0,34
1738,0,3
1411,5,13
1700,10,8
1089,5,19
1508,10,10
1628,0,5
845,5,19
1473,0,7
1491,5,9
2126,10,4
1560,10,315
1528,0,9
1564,10,6
1579,5,9
1676,10,5
1707,5,5
1519,0,13
820,5,11
1454,0,9
1431,5,10
1529,10,7
24,0,15
795,5,8
1259,0,25
969,5,13
1210,0,24
1511,5,8
1414,5,13
1535,0,9
1537,5,10
1500,5,645
2340,10,72
806,5,12
1387,10,6
1477,5,15
2335,10,6
1360,0,16
1502,5,11
1472,5,12
2160,5,92
1262,0,21
1387,5,16
1332,10,10
90,0,54
1858,5,9
1766,0,6
1729,10,8
1109,0,37
1174,5,18
1163,5,16
703,5,4
1247,10,6
1124,5,20
53,0,26
1346,5,13
1322,0,21
1190,5,19
1461,5,8
1680,10,236
1098,5,19
1224,10,7
1369,0,15
1234,0,24
1674,5,9
1049,5,12
1481,10,9
1526,10,4
1207,5,20
1983,5,4
699,5,8
1497,5,13
1651,15,3
1727,10,9
1517,0,6
1652,5,4
1559,0,7
1677,5,9
600,5,150
1495,5,8
1548,0,3
1689,0,6
1576,0,6
1658,0,4
1511,0,16
855,5,16
1758,5,3
1465,5,14
1853,5,4
1631,0,5
1686,0,7
1822,5,5
1423,0,8
1379,0,13
1451,0,4
1479,5,15
1403,5,12
1286,5,12
1629,0,5
1493,5,16
1843,5,3
1388,5,12
1418,10,8
1581,10,9
1090,5,19
1539,0,12
1383,10,10
731,5,9
1643,10,3
1534,10,7
1530,10,4
1860,5,248
1357,5,17
67,0,26
1800,5,268
1239,10,8
1186,10,4
1796,10,9
1115,5,19
1192,5,14
1257,5,18
632,5,8
1920,10,191
3300,15,52
1800,10,241
1761,5,8
1541,0,6
901,5,17
1074,5,13
33,0,22
1454,5,18
1458,10,11
1850,5,11
741,5,10
1495,0,7
1662,10,7
1333,5,10
1469,0,17
2057,5,4
1594,0,4
1820,5,8
1507,5,18
1730,5,7
1422,5,11
2119,10,3
26,0,17
1217,5,16
1539,10,6
1582,5,5
1248,0,26
1791,5,7
1415,5,17
1566,0,8
1697,15,6
1830,15,3
1163,10,8
1753,5,3
1738,5,6
1866,0,3
1899,5,7
789,5,9
1308,5,15
66,0,34
1724,5,7
1052,5,18
538,5,3
1385,5,13
1433,0,19
1649,10,9
1970,5,10
1556,0,5
6,0,39
1500,10,324
1669,10,8
1507,0,15
1550,0,10
1344,0,14
1622,0,9
1475,5,8
1532,0,7
1403,0,18
747,5,8
1717,5,9
959,5,20
1203,0,30
1597,5,9
1392,10,3
1586,0,10
1538,0,8
1571,10,6
1675,5,10
1530,5,7
1499,0,11
1491,0,11
1521,0,7
1485,5,5
1229,5,16
1619,0,8
769,5,5
1306,5,12
1573,5,16
1697,0,4
1353,5,21
8,0,35
1487,10,11
1369,5,14
31,0,15
1733,5,9
1319,10,6
755,5,16
1665,10,8
2880,15,78
38,0,27
1510,5,12
1614,5,6
1649,5,14
719,5,8
848,5,10
1784,10,8
1676,15,7
654,5,3
1531,5,7
1482,5,10
1398,10,3
912,5,16
1021,5,19
713,5,8
1051,5,20
1691,5,7
1801,5,6
1716,5,12
1520,0,7
1949,10,3
1438,5,12
1626,0,10
1592,0,6
1567,10,11
1444,5,9
1317,5,6
1355,0,17
1466,0,8
1309,5,20
1616,5,12
1000,5,14
1550,5,8
1290,10,6
1938,5,4
1661,0,6
1558,0,17
1796,5,8
665,5,7
1637,10,8
1842,10,5
1568,5,7
1561,0,8
1696,10,8
1598,0,5
1637,0,5
10,0,16
2099,10,7
1629,10,7
1771,10,10
1464,0,9
1606,15,3
1572,5,9
1591,0,7
1842,5,5
1620,15,146
1206,5,21
1339,5,10
1415,0,12
1527,0,7
1462,5,10
1622,5,9
1795,0,6
1394,5,14
1615,5,15
1569,10,5
799,5,13
1565,0,5
1480,5,16
1095,5,21
1188,5,11
1557,10,6
1241,10,9
1633,10,10
1603,10,9
1096,5,13
76,0,28
736,5,8
671,5,8
1971,20,3
1241,0,17
1320,5,964
2079,10,4
1865,10,7
1450,5,11
779,5,13
1126,10,5
1205,5,16
75,0,45
40,0,27
1703,5,11
2696,15,3
1620,20,7
1581,5,12
1016,5,14
1347,10,4
1789,10,6
913,5,14
1140,5,1205
1564,5,12
1870,10,3
1378,5,13
1379,5,15
1239,5,11
1493,0,7
1479,0,9
1878,10,4
961,5,18
1278,10,5
55,0,18
860,5,15
1828,10,4
1516,10,9
1290,5,22
1623,5,6
1298,5,10
1384,5,17
563,5,3
1713,0,3
2008,5,4
1783,5,8
1292,5,19
1280,5,14
888,5,16
1402,0,17
1736,10,4
1728,5,6
1694,15,4
1486,0,12
1516,0,4
2220,5,76
924,5,17
1569,0,8
1341,5,17
1129,5,21
18,0,17
1431,0,10
1798,0,5
1351,5,18
1554,0,11
1561,10,7
1359,5,14
1626,5,11
1795,5,7
1364,5,14
656,5,4
1275,5,15
1638,5,8
1340,5,16
1384,10,7
1247,5,13
861,5,22
787,5,11
1651,5,5
865,5,18
1705,10,4
1345,10,10
1376,5,10
1460,5,9
1634,5,12
2361,15,7
1648,10,5
1086,5,23
1980,15,118
1797,5,10
1504,5,10
1813,10,7
1283,5,16
1756,5,8
1608,5,9
1307,0,15
928,10,6
702,5,7
1871,15,5
1764,10,6
647,5,8
1812,10,5
1282,5,23
1687,5,3
1483,5,8
1330,5,13
1434,5,10
1476,5,13
1461,10,3
689,5,3
2086,15,5
1173,10,3
1471,5,15
1751,5,5
1101,5,14
1552,5,5
1425,5,7
17,0,20
1243,10,6
1155,10,6
1433,10,8
1410,0,11
738,5,4
2580,20,23
1924,15,8
1159,10,3
1627,10,6
2520,5,36
1696,5,8
1620,5,476
7,0,28
1231,10,4
835,5,15
1530,0,6
1356,5,12
1523,0,6
1448,5,14
1420,10,6
2605,15,3
854,5,21
1580,0,10
694,5,9
1529,0,10
2103,15,6
758,5,7
1595,0,8
1364,10,5
1706,5,11
1413,0,7
1549,5,12
1855,10,3
1544,0,8
1601,0,7
1595,5,8
1589,10,4
717,5,7
1245,5,23
1666,0,5
1242,5,14
1372,0,17
1681,0,7
1298,10,7
1735,0,7
1139,10,5
2203,10,6
1801,10,6
1649,0,5
1119,5,17
1657,5,4
1974,5,5
1645,5,7
1545,5,7
1847,0,5
1872,0,5
1029,5,18
1910,5,5
1980,10,172
1732,5,4
1742,0,6
1743,10,8
1284,10,5
1740,5,350
976,5,13
933,5,20
1788,5,5
1260,10,258
1221,10,5
1816,5,6
829,5,11
1816,10,7
1138,5,10
1150,5,15
1856,10,8
1373,10,6
1606,10,4
1665,0,7
837,5,12
902,5,16
1594,15,7
1673,10,6
1430,0,14
1750,0,3
1769,5,6
776,5,9
1709,10,9
1314,5,6
1369,10,7
1302,5,12
1492,5,7
1752,0,10
1596,10,4
3180,15,60
1116,5,22
1572,0,10
1621,5,8
1620,0,325
1544,10,3
1334,10,10
2460,20,15
2580,10,44
2400,5,48
3105,15,6
1706,0,5
1478,0,13
1439,0,5
1978,5,3
1472,10,6
1828,5,6
1698,0,6
1570,0,7
1325,5,12
1738,10,5
1190,10,7
739,5,5
1087,10,3
1395,5,16
2187,10,3
1350,5,14
1424,15,3
1830,5,6
678,5,8
911,5,14
1141,10,4
1337,10,6
1612,10,11
1837,15,5
1573,10,7
817,5,6
1710,0,3
1416,10,5
1694,10,5
2340,0,15
1824,0,3
1931,5,3
1325,10,5
1646,5,12
1655,5,9
1542,5,8
1639,5,6
1668,5,5
1474,0,14
1031,5,9
650,5,7
1080,5,1301
1454,10,7
1351,10,6
1365,10,4
1612,5,12
2340,5,39
1742,5,10
1279,10,3
1521,10,6
1234,10,3
1897,5,3
1244,10,6
935,5,15
1579,0,8
1719,5,7
1543,0,10
1362,5,10
1625,0,3
1506,10,3
1407,5,18
2185,5,4
1269,10,5
1759,10,8
1521,5,5
1664,0,4
1544,5,6
1478,5,8
2072,5,3
2417,15,6
1924,0,3
1510,0,4
1791,15,6
998,10,5
1692,5,12
1265,10,6
1484,10,9
1448,10,6
1508,15,6
2040,10,132
1882,15,3
2056,5,4
1666,5,6
1721,5,10
1580,10,6
891,5,12
710,5,9
1697,5,3
1348,5,15
2463,10,6
1765,0,6
726,5,13
1150,10,8
2497,15,3
2307,15,3
1455,5,12
1804,0,5
1612,0,5
1018,10,5
1799,5,4
2017,10,3
1627,5,6
1390,10,6
2124,15,3
1410,5,17
1701,0,3
1715,5,4
1772,10,8
2580,15,89
1826,0,3
1294,10,7
1677,10,7
2100,15,120
1618,15,6
1419,10,9
2086,10,5
1483,10,3
1778,0,4
1249,10,7
1611,5,6
1457,0,8
2316,15,4
2160,15,110
730,5,12
1570,10,7
1587,10,10
1578,10,5
1447,10,6
2199,5,6
2400,15,101
1238,10,3
1619,10,6
1651,0,5
1600,15,6
642,5,8
1118,10,5
1676,5,7
2400,20,19
1681,15,6
2520,15,96
983,10,3
1809,5,6
1366,10,3
1576,5,13
1674,10,3
1367,10,8
1531,10,4
1730,15,3
1743,5,7
1492,10,3
1799,15,8
1734,10,6
1436,10,3
1832,5,6
1705,5,6
1851,5,4
1886,5,7
1787,15,3
2154,10,3
1636,5,3
1557,0,6
1678,10,4
2922,15,6
1380,15,93
1301,10,4
1704,0,5
1550,10,5
1800,15,139
1551,5,11
1517,5,6
1637,5,6
1532,10,11
809,5,9
1673,5,8
1168,10,4
1527,5,10
1304,10,5
1509,5,10
1572,10,5
1841,5,8
1440,15,115
2199,15,3
1131,10,6
1538,15,4
1430,5,9
2127,10,5
1833,10,4
1802,15,5
1609,5,6
1541,5,6
1755,15,3
2280,0,25
1800,20,21
1427,10,3
1479,10,5
2040,0,31
2040,20,36
763,5,8
1965,10,3
1702,15,3
811,5,14
1196,10,6
1860,15,124
1513,5,8
2067,15,6
1817,15,3
976,10,3
1293,10,3
1753,10,8
1920,15,126
631,5,5
1740,15,194
944,10,3
900,10,40
1620,10,276
1835,10,3
1579,10,5
2220,10,99
2880,10,13
2820,5,10
1380,10,307
1860,10,206
25,0,12
1680,5,391
1514,0,5
2160,10,106
2340,20,17
540,5,63
2036,5,3
2640,15,78
1145,10,4
2340,15,114
2100,5,90
1679,0,3
1080,10,151
2700,10,28
2940,15,82
1784,15,3
1920,20,37
3240,15,57
1260,15,42
2700,5,16
1980,0,60
960,10,60
2940,5,11
1020,10,90
1200,15,21
1800,0,138
2220,15,102
1560,20,12
2400,0,14
1740,10,251
1740,20,24
2760,5,18
2100,20,24
1320,15,65
1980,20,30
3120,5,5
2160,0,20
1140,15,9
2280,10,78
2580,5,25
1440,10,293
2280,5,57
1680,15,156
3600,10,4
2460,10,47
1920,0,72
2100,0,39
780,10,11
3900,15,13
1860,20,32
2640,5,25
1980,25,3
3300,5,6
3300,10,9
3060,15,70
3060,10,19
2880,5,11
2580,0,5
2940,10,18
1680,20,11
2040,15,112
2700,15,93
2220,20,19
480,5,18
2400,10,65
2460,15,93
2820,10,16
2280,15,99
3480,20,18
2640,20,18
3060,20,15
2760,10,27
3000,20,11
2760,20,10
3720,10,7
1080,15,4
2880,20,15
840,10,18
3240,20,21
2700,20,19
2520,10,41
2640,10,36
3780,15,16
3120,20,22
3360,20,8
2820,20,18
2820,15,86
3600,15,24
2760,15,84
2700,0,4
3420,15,31
2220,0,21
420,5,7
3000,15,70
3540,15,26
3480,15,25
3360,15,42
3000,10,14
2520,20,19
3120,15,55
3840,15,13
2280,20,23
3600,20,7
3720,15,10
3780,20,5
3660,15,18
4020,15,9
2160,20,23
3180,10,6
3720,20,9
3660,20,9
3900,20,7
3960,15,12
3180,20,11
3420,20,9
2520,0,10
3120,10,5
3300,20,14
4140,15,5
3540,20,12
2460,0,5
2940,20,16
3840,20,5